title,year,letterboxd_uri,status,tmdb_type,tmdb_id,tmdb_url,source_url,note
RoboCop,2014,https://boxd.it/3m4k,letterboxd_link_api_checked,movie,97020,https://www.themoviedb.org/movie/97020,https://letterboxd.com/film/robocop-2014/,
Blood Diamond,2006,https://boxd.it/28Tm,unique_exact_title_year,movie,1372,https://www.themoviedb.org/movie/1372,https://api.themoviedb.org/3/search/movie?query=Blood+Diamond&primary_release_year=2006,
The Wrestler,2008,https://boxd.it/1So8,unique_exact_title_year,movie,12163,https://www.themoviedb.org/movie/12163,https://api.themoviedb.org/3/search/movie?query=The+Wrestler&primary_release_year=2008,
Crooks in Clover,1963,https://boxd.it/1w7E,unique_exact_title_year,movie,25253,https://www.themoviedb.org/movie/25253,https://api.themoviedb.org/3/search/movie?query=Crooks+in+Clover&primary_release_year=1963,
Exorcist II: The Heretic,1977,https://boxd.it/1Tuw,unique_exact_title_year,movie,11586,https://www.themoviedb.org/movie/11586,https://api.themoviedb.org/3/search/movie?query=Exorcist+II%3A+The+Heretic&primary_release_year=1977,
Mad Max: Fury Road,2015,https://boxd.it/2DjO,unique_exact_title_year,movie,76341,https://www.themoviedb.org/movie/76341,https://api.themoviedb.org/3/search/movie?query=Mad+Max%3A+Fury+Road&primary_release_year=2015,
Conan the Barbarian,1982,https://boxd.it/1YOm,unique_exact_title_year,movie,9387,https://www.themoviedb.org/movie/9387,https://api.themoviedb.org/3/search/movie?query=Conan+the+Barbarian&primary_release_year=1982,
Léon: The Professional,1994,https://boxd.it/2b8S,unique_exact_title_year,movie,101,https://www.themoviedb.org/movie/101,https://api.themoviedb.org/3/search/movie?query=L%C3%A9on%3A+The+Professional&primary_release_year=1994,
Aliens,1986,https://boxd.it/29PA,letterboxd_link_api_checked,movie,679,https://www.themoviedb.org/movie/679,https://letterboxd.com/film/aliens/,
The Wizard of Oz,1939,https://boxd.it/29Xu,unique_exact_title_year,movie,630,https://www.themoviedb.org/movie/630,https://api.themoviedb.org/3/search/movie?query=The+Wizard+of+Oz&primary_release_year=1939,
Frankenstein,1931,https://boxd.it/25Te,letterboxd_link_api_checked,movie,3035,https://www.themoviedb.org/movie/3035,https://letterboxd.com/film/frankenstein-1931/,
Starship Troopers,1997,https://boxd.it/2a7k,unique_exact_title_year,movie,563,https://www.themoviedb.org/movie/563,https://api.themoviedb.org/3/search/movie?query=Starship+Troopers&primary_release_year=1997,
Psycho,1960,https://boxd.it/2ab2,unique_exact_title_year,movie,539,https://www.themoviedb.org/movie/539,https://api.themoviedb.org/3/search/movie?query=Psycho&primary_release_year=1960,
2001: A Space Odyssey,1968,https://boxd.it/2bf0,unique_exact_title_year,movie,62,https://www.themoviedb.org/movie/62,https://api.themoviedb.org/3/search/movie?query=2001%3A+A+Space+Odyssey&primary_release_year=1968,
GoodFellas,1990,https://boxd.it/29FA,unique_exact_title_year,movie,769,https://www.themoviedb.org/movie/769,https://api.themoviedb.org/3/search/movie?query=GoodFellas&primary_release_year=1990,
Lawrence of Arabia,1962,https://boxd.it/2wRE,unique_exact_title_year,movie,947,https://www.themoviedb.org/movie/947,https://api.themoviedb.org/3/search/movie?query=Lawrence+of+Arabia&primary_release_year=1962,
12 Angry Men,1957,https://boxd.it/2auI,unique_exact_title_year,movie,389,https://www.themoviedb.org/movie/389,https://api.themoviedb.org/3/search/movie?query=12+Angry+Men&primary_release_year=1957,
Spirited Away,2001,https://boxd.it/2b4m,unique_exact_title_year,movie,129,https://www.themoviedb.org/movie/129,https://api.themoviedb.org/3/search/movie?query=Spirited+Away&primary_release_year=2001,
Heat,1995,https://boxd.it/2bg8,unique_exact_title_year,movie,949,https://www.themoviedb.org/movie/949,https://api.themoviedb.org/3/search/movie?query=Heat&primary_release_year=1995,
Citizen Kane,1941,https://boxd.it/71O,unique_exact_title_year,movie,15,https://www.themoviedb.org/movie/15,https://api.themoviedb.org/3/search/movie?query=Citizen+Kane&primary_release_year=1941,
Casablanca,1942,https://boxd.it/2aG0,letterboxd_link_api_checked,movie,289,https://www.themoviedb.org/movie/289,https://letterboxd.com/film/casablanca/,
The Thing,1982,https://boxd.it/294O,unique_exact_title_year,movie,1091,https://www.themoviedb.org/movie/1091,https://api.themoviedb.org/3/search/movie?query=The+Thing&primary_release_year=1982,
The Matrix,1999,https://boxd.it/2a1m,unique_exact_title_year,movie,603,https://www.themoviedb.org/movie/603,https://api.themoviedb.org/3/search/movie?query=The+Matrix&primary_release_year=1999,
Akira,1988,https://boxd.it/2b1i,letterboxd_link_api_checked,movie,149,https://www.themoviedb.org/movie/149,https://letterboxd.com/film/akira/,
The Godfather,1972,https://boxd.it/2aNK,unique_exact_title_year,movie,238,https://www.themoviedb.org/movie/238,https://api.themoviedb.org/3/search/movie?query=The+Godfather&primary_release_year=1972,
Grave of the Fireflies,1988,https://boxd.it/1RUM,unique_exact_title_year,movie,12477,https://www.themoviedb.org/movie/12477,https://api.themoviedb.org/3/search/movie?query=Grave+of+the+Fireflies&primary_release_year=1988,
La Haine,1995,https://boxd.it/2as8,letterboxd_link_api_checked,movie,406,https://www.themoviedb.org/movie/406,https://letterboxd.com/film/la-haine/,
Interstellar,2014,https://boxd.it/4VZ8,unique_exact_title_year,movie,157336,https://www.themoviedb.org/movie/157336,https://api.themoviedb.org/3/search/movie?query=Interstellar&primary_release_year=2014,
Amélie,2001,https://boxd.it/2aUc,unique_exact_title_year,movie,194,https://www.themoviedb.org/movie/194,https://api.themoviedb.org/3/search/movie?query=Am%C3%A9lie&primary_release_year=2001,
Alien,1979,https://boxd.it/2awY,unique_exact_title_year,movie,348,https://www.themoviedb.org/movie/348,https://api.themoviedb.org/3/search/movie?query=Alien&primary_release_year=1979,
Star Wars,1977,https://boxd.it/72s,unique_exact_title_year,movie,11,https://www.themoviedb.org/movie/11,https://api.themoviedb.org/3/search/movie?query=Star+Wars&primary_release_year=1977,
Vertigo,1958,https://boxd.it/2apI,unique_exact_title_year,movie,426,https://www.themoviedb.org/movie/426,https://api.themoviedb.org/3/search/movie?query=Vertigo&primary_release_year=1958,
The Shining,1980,https://boxd.it/29Nu,unique_exact_title_year,movie,694,https://www.themoviedb.org/movie/694,https://api.themoviedb.org/3/search/movie?query=The+Shining&primary_release_year=1980,
The Graduate,1967,https://boxd.it/18Im,unique_exact_title_year,movie,37247,https://www.themoviedb.org/movie/37247,https://api.themoviedb.org/3/search/movie?query=The+Graduate&primary_release_year=1967,
Once Upon a Time in the West,1968,https://boxd.it/2az4,unique_exact_title_year,movie,335,https://www.themoviedb.org/movie/335,https://api.themoviedb.org/3/search/movie?query=Once+Upon+a+Time+in+the+West&primary_release_year=1968,
Se7en,1995,https://boxd.it/29zs,unique_exact_title_year,movie,807,https://www.themoviedb.org/movie/807,https://api.themoviedb.org/3/search/movie?query=Se7en&primary_release_year=1995,
Blade Runner,1982,https://boxd.it/2bcA,unique_exact_title_year,movie,78,https://www.themoviedb.org/movie/78,https://api.themoviedb.org/3/search/movie?query=Blade+Runner&primary_release_year=1982,
Eyes Wide Shut,1999,https://boxd.it/2axs,unique_exact_title_year,movie,345,https://www.themoviedb.org/movie/345,https://api.themoviedb.org/3/search/movie?query=Eyes+Wide+Shut&primary_release_year=1999,
The Exorcist,1973,https://boxd.it/1Yoo,unique_exact_title_year,movie,9552,https://www.themoviedb.org/movie/9552,https://api.themoviedb.org/3/search/movie?query=The+Exorcist&primary_release_year=1973,
Raiders of the Lost Ark,1981,https://boxd.it/2bbs,unique_exact_title_year,movie,85,https://www.themoviedb.org/movie/85,https://api.themoviedb.org/3/search/movie?query=Raiders+of+the+Lost+Ark&primary_release_year=1981,
Die Hard,1988,https://boxd.it/2a7u,unique_exact_title_year,movie,562,https://www.themoviedb.org/movie/562,https://api.themoviedb.org/3/search/movie?query=Die+Hard&primary_release_year=1988,
The Intouchables,2011,https://boxd.it/2FT0,unique_exact_title_year,movie,77338,https://www.themoviedb.org/movie/77338,https://api.themoviedb.org/3/search/movie?query=The+Intouchables&primary_release_year=2011,
Gladiator,2000,https://boxd.it/2b9m,unique_exact_title_year,movie,98,https://www.themoviedb.org/movie/98,https://api.themoviedb.org/3/search/movie?query=Gladiator&primary_release_year=2000,
Hot Fuzz,2007,https://boxd.it/2416,unique_exact_title_year,movie,4638,https://www.themoviedb.org/movie/4638,https://api.themoviedb.org/3/search/movie?query=Hot+Fuzz&primary_release_year=2007,
Incendies,2010,https://boxd.it/Msm,unique_exact_title_year,movie,46738,https://www.themoviedb.org/movie/46738,https://api.themoviedb.org/3/search/movie?query=Incendies&primary_release_year=2010,
Dune: Part Two,2024,https://boxd.it/pUfA,unique_exact_title_year,movie,693134,https://www.themoviedb.org/movie/693134,https://api.themoviedb.org/3/search/movie?query=Dune%3A+Part+Two&primary_release_year=2024,
Rocky,1976,https://boxd.it/28Uk,letterboxd_link_api_checked,movie,1366,https://www.themoviedb.org/movie/1366,https://letterboxd.com/film/rocky/,
Saving Private Ryan,1998,https://boxd.it/29ro,unique_exact_title_year,movie,857,https://www.themoviedb.org/movie/857,https://api.themoviedb.org/3/search/movie?query=Saving+Private+Ryan&primary_release_year=1998,
Taxi Driver,1976,https://boxd.it/2b8y,letterboxd_link_api_checked,movie,103,https://www.themoviedb.org/movie/103,https://letterboxd.com/film/taxi-driver/,
Django Unchained,2012,https://boxd.it/2cCk,unique_exact_title_year,movie,68718,https://www.themoviedb.org/movie/68718,https://api.themoviedb.org/3/search/movie?query=Django+Unchained&primary_release_year=2012,
Terminator 2: Judgment Day,1991,https://boxd.it/2aGY,unique_exact_title_year,movie,280,https://www.themoviedb.org/movie/280,https://api.themoviedb.org/3/search/movie?query=Terminator+2%3A+Judgment+Day&primary_release_year=1991,
The Empire Strikes Back,1980,https://boxd.it/27Vw,unique_exact_title_year,movie,1891,https://www.themoviedb.org/movie/1891,https://api.themoviedb.org/3/search/movie?query=The+Empire+Strikes+Back&primary_release_year=1980,
Predator,1987,https://boxd.it/2b84,letterboxd_link_api_checked,movie,106,https://www.themoviedb.org/movie/106,https://letterboxd.com/film/predator/,
"The Good, the Bad and the Ugly",1966,https://boxd.it/2ape,unique_exact_title_year,movie,429,https://www.themoviedb.org/movie/429,https://api.themoviedb.org/3/search/movie?query=The+Good%2C+the+Bad+and+the+Ugly&primary_release_year=1966,
Apocalypse Now,1979,https://boxd.it/6ZS,unique_exact_title_year,movie,28,https://www.themoviedb.org/movie/28,https://api.themoviedb.org/3/search/movie?query=Apocalypse+Now&primary_release_year=1979,
Night of the Living Dead,1968,https://boxd.it/1WwA,unique_exact_title_year,movie,10331,https://www.themoviedb.org/movie/10331,https://api.themoviedb.org/3/search/movie?query=Night+of+the+Living+Dead&primary_release_year=1968,
Inglourious Basterds,2009,https://boxd.it/1JzG,unique_exact_title_year,movie,16869,https://www.themoviedb.org/movie/16869,https://api.themoviedb.org/3/search/movie?query=Inglourious+Basterds&primary_release_year=2009,
Chinatown,1974,https://boxd.it/29vU,unique_exact_title_year,movie,829,https://www.themoviedb.org/movie/829,https://api.themoviedb.org/3/search/movie?query=Chinatown&primary_release_year=1974,
Ghost in the Shell,1995,https://boxd.it/1YYc,unique_exact_title_year,movie,9323,https://www.themoviedb.org/movie/9323,https://api.themoviedb.org/3/search/movie?query=Ghost+in+the+Shell&primary_release_year=1995,
The Naked Gun: From the Files of Police Squad!,1988,https://boxd.it/18YE,unique_exact_title_year,movie,37136,https://www.themoviedb.org/movie/37136,https://api.themoviedb.org/3/search/movie?query=The+Naked+Gun%3A+From+the+Files+of+Police+Squad%21&primary_release_year=1988,
Pierrot le Fou,1965,https://boxd.it/26j2,unique_exact_title_year,movie,2786,https://www.themoviedb.org/movie/2786,https://api.themoviedb.org/3/search/movie?query=Pierrot+le+Fou&primary_release_year=1965,
The 400 Blows,1959,https://boxd.it/2b1C,letterboxd_link_api_checked,movie,147,https://www.themoviedb.org/movie/147,https://letterboxd.com/film/the-400-blows/,
Rosemary's Baby,1968,https://boxd.it/29zM,unique_exact_title_year,movie,805,https://www.themoviedb.org/movie/805,https://api.themoviedb.org/3/search/movie?query=Rosemary%27s+Baby&primary_release_year=1968,
Thelma & Louise,1991,https://boxd.it/28Ew,unique_exact_title_year,movie,1541,https://www.themoviedb.org/movie/1541,https://api.themoviedb.org/3/search/movie?query=Thelma+%26+Louise&primary_release_year=1991,
Airplane!,1980,https://boxd.it/29yu,unique_exact_title_year,movie,813,https://www.themoviedb.org/movie/813,https://api.themoviedb.org/3/search/movie?query=Airplane%21&primary_release_year=1980,
Jaws,1975,https://boxd.it/2a5e,unique_exact_title_year,movie,578,https://www.themoviedb.org/movie/578,https://api.themoviedb.org/3/search/movie?query=Jaws&primary_release_year=1975,
Oldboy,2003,https://boxd.it/29R2,unique_exact_title_year,movie,670,https://www.themoviedb.org/movie/670,https://api.themoviedb.org/3/search/movie?query=Oldboy&primary_release_year=2003,
Drive,2011,https://boxd.it/IG,unique_exact_title_year,movie,64690,https://www.themoviedb.org/movie/64690,https://api.themoviedb.org/3/search/movie?query=Drive&primary_release_year=2011,
The Lord of the Rings: The Fellowship of the Ring,2001,https://boxd.it/2b5O,unique_exact_title_year,movie,120,https://www.themoviedb.org/movie/120,https://api.themoviedb.org/3/search/movie?query=The+Lord+of+the+Rings%3A+The+Fellowship+of+the+Ring&primary_release_year=2001,
Nightcrawler,2014,https://boxd.it/780m,unique_exact_title_year,movie,242582,https://www.themoviedb.org/movie/242582,https://api.themoviedb.org/3/search/movie?query=Nightcrawler&primary_release_year=2014,
Das Boot,1981,https://boxd.it/2av2,unique_exact_title_year,movie,387,https://www.themoviedb.org/movie/387,https://api.themoviedb.org/3/search/movie?query=Das+Boot&primary_release_year=1981,
Breathless,1960,https://boxd.it/2aIK,unique_exact_title_year,movie,269,https://www.themoviedb.org/movie/269,https://api.themoviedb.org/3/search/movie?query=Breathless&primary_release_year=1960,
Beetlejuice,1988,https://boxd.it/24QI,unique_exact_title_year,movie,4011,https://www.themoviedb.org/movie/4011,https://api.themoviedb.org/3/search/movie?query=Beetlejuice&primary_release_year=1988,
Metropolis,1927,https://boxd.it/71a,unique_exact_title_year,movie,19,https://www.themoviedb.org/movie/19,https://api.themoviedb.org/3/search/movie?query=Metropolis&primary_release_year=1927,
The Raid,2011,https://boxd.it/3hBy,letterboxd_link_api_checked,movie,94329,https://www.themoviedb.org/movie/94329,https://letterboxd.com/film/the-raid-2011/,
Full Metal Jacket,1987,https://boxd.it/2a1Q,unique_exact_title_year,movie,600,https://www.themoviedb.org/movie/600,https://api.themoviedb.org/3/search/movie?query=Full+Metal+Jacket&primary_release_year=1987,
Dog Day Afternoon,1975,https://boxd.it/29bg,unique_exact_title_year,movie,968,https://www.themoviedb.org/movie/968,https://api.themoviedb.org/3/search/movie?query=Dog+Day+Afternoon&primary_release_year=1975,
Close Encounters of the Third Kind,1977,https://boxd.it/29u8,unique_exact_title_year,movie,840,https://www.themoviedb.org/movie/840,https://api.themoviedb.org/3/search/movie?query=Close+Encounters+of+the+Third+Kind&primary_release_year=1977,
Barry Lyndon,1975,https://boxd.it/25A2,unique_exact_title_year,movie,3175,https://www.themoviedb.org/movie/3175,https://api.themoviedb.org/3/search/movie?query=Barry+Lyndon&primary_release_year=1975,
The Handmaiden,2016,https://boxd.it/948A,unique_exact_title_year,movie,290098,https://www.themoviedb.org/movie/290098,https://api.themoviedb.org/3/search/movie?query=The+Handmaiden&primary_release_year=2016,
True Romance,1993,https://boxd.it/2aBa,unique_exact_title_year,movie,319,https://www.themoviedb.org/movie/319,https://api.themoviedb.org/3/search/movie?query=True+Romance&primary_release_year=1993,
Le Samouraï,1967,https://boxd.it/22ZI,unique_exact_title_year,movie,5511,https://www.themoviedb.org/movie/5511,https://api.themoviedb.org/3/search/movie?query=Le+Samoura%C3%AF&primary_release_year=1967,
A Christmas Story,1983,https://boxd.it/29sw,unique_exact_title_year,movie,850,https://www.themoviedb.org/movie/850,https://api.themoviedb.org/3/search/movie?query=A+Christmas+Story&primary_release_year=1983,
The Third Man,1949,https://boxd.it/294E,unique_exact_title_year,movie,1092,https://www.themoviedb.org/movie/1092,https://api.themoviedb.org/3/search/movie?query=The+Third+Man&primary_release_year=1949,
The Rules of the Game,1939,https://boxd.it/29Es,unique_exact_title_year,movie,776,https://www.themoviedb.org/movie/776,https://api.themoviedb.org/3/search/movie?query=The+Rules+of+the+Game&primary_release_year=1939,
All Quiet on the Western Front,1930,https://boxd.it/2b2g,unique_exact_title_year,movie,143,https://www.themoviedb.org/movie/143,https://api.themoviedb.org/3/search/movie?query=All+Quiet+on+the+Western+Front&primary_release_year=1930,
Dr. Strangelove or: How I Learned to Stop Worrying and Love the Bomb,1964,https://boxd.it/29eY,unique_exact_title_year,movie,935,https://www.themoviedb.org/movie/935,https://api.themoviedb.org/3/search/movie?query=Dr.+Strangelove+or%3A+How+I+Learned+to+Stop+Worrying+and+Love+the+Bomb&primary_release_year=1964,
Point Break,1991,https://boxd.it/2958,unique_exact_title_year,movie,1089,https://www.themoviedb.org/movie/1089,https://api.themoviedb.org/3/search/movie?query=Point+Break&primary_release_year=1991,
Orpheus,1950,https://boxd.it/247o,unique_exact_title_year,movie,4558,https://www.themoviedb.org/movie/4558,https://api.themoviedb.org/3/search/movie?query=Orpheus&primary_release_year=1950,
The Umbrellas of Cherbourg,1964,https://boxd.it/22fK,unique_exact_title_year,movie,5967,https://www.themoviedb.org/movie/5967,https://api.themoviedb.org/3/search/movie?query=The+Umbrellas+of+Cherbourg&primary_release_year=1964,
Carrie,1976,https://boxd.it/20ZQ,unique_exact_title_year,movie,7340,https://www.themoviedb.org/movie/7340,https://api.themoviedb.org/3/search/movie?query=Carrie&primary_release_year=1976,
Thief,1981,https://boxd.it/1TEc,unique_exact_title_year,movie,11524,https://www.themoviedb.org/movie/11524,https://api.themoviedb.org/3/search/movie?query=Thief&primary_release_year=1981,
Solaris,1972,https://boxd.it/2a2Y,unique_exact_title_year,movie,593,https://www.themoviedb.org/movie/593,https://api.themoviedb.org/3/search/movie?query=Solaris&primary_release_year=1972,
Casino,1995,https://boxd.it/2ads,unique_exact_title_year,movie,524,https://www.themoviedb.org/movie/524,https://api.themoviedb.org/3/search/movie?query=Casino&primary_release_year=1995,
Falling Down,1993,https://boxd.it/194M,letterboxd_link_api_checked,movie,37094,https://www.themoviedb.org/movie/37094,https://letterboxd.com/film/falling-down/,
Deliverance,1972,https://boxd.it/1VGk,unique_exact_title_year,movie,10669,https://www.themoviedb.org/movie/10669,https://api.themoviedb.org/3/search/movie?query=Deliverance&primary_release_year=1972,
Shaun of the Dead,2004,https://boxd.it/29J8,unique_exact_title_year,movie,747,https://www.themoviedb.org/movie/747,https://api.themoviedb.org/3/search/movie?query=Shaun+of+the+Dead&primary_release_year=2004,
Diabolique,1955,https://boxd.it/29we,unique_exact_title_year,movie,827,https://www.themoviedb.org/movie/827,https://api.themoviedb.org/3/search/movie?query=Diabolique&primary_release_year=1955,
Le Trou,1960,https://boxd.it/1nSw,unique_exact_title_year,movie,29259,https://www.themoviedb.org/movie/29259,https://api.themoviedb.org/3/search/movie?query=Le+Trou&primary_release_year=1960,
The Fall,2006,https://boxd.it/1NoM,letterboxd_link_api_checked,movie,14784,https://www.themoviedb.org/movie/14784,https://letterboxd.com/film/the-fall-2006/,
Withnail & I,1987,https://boxd.it/1Qa4,unique_exact_title_year,movie,13446,https://www.themoviedb.org/movie/13446,https://api.themoviedb.org/3/search/movie?query=Withnail+%26+I&primary_release_year=1987,
The Maltese Falcon,1941,https://boxd.it/29c4,unique_exact_title_year,movie,963,https://www.themoviedb.org/movie/963,https://api.themoviedb.org/3/search/movie?query=The+Maltese+Falcon&primary_release_year=1941,
The Red Balloon,1956,https://boxd.it/1Mxo,unique_exact_title_year,movie,15265,https://www.themoviedb.org/movie/15265,https://api.themoviedb.org/3/search/movie?query=The+Red+Balloon&primary_release_year=1956,
The Battle of Algiers,1966,https://boxd.it/1IRY,unique_exact_title_year,movie,17295,https://www.themoviedb.org/movie/17295,https://api.themoviedb.org/3/search/movie?query=The+Battle+of+Algiers&primary_release_year=1966,
The Passion of Joan of Arc,1928,https://boxd.it/29DO,unique_exact_title_year,movie,780,https://www.themoviedb.org/movie/780,https://api.themoviedb.org/3/search/movie?query=The+Passion+of+Joan+of+Arc&primary_release_year=1928,
First Blood,1982,https://boxd.it/28U0,unique_exact_title_year,movie,1368,https://www.themoviedb.org/movie/1368,https://api.themoviedb.org/3/search/movie?query=First+Blood&primary_release_year=1982,
From Dusk Till Dawn,1996,https://boxd.it/29HQ,unique_exact_title_year,movie,755,https://www.themoviedb.org/movie/755,https://api.themoviedb.org/3/search/movie?query=From+Dusk+Till+Dawn&primary_release_year=1996,
RoboCop,1987,https://boxd.it/22Wu,letterboxd_link_api_checked,movie,5548,https://www.themoviedb.org/movie/5548,https://letterboxd.com/film/robocop/,
Rififi,1955,https://boxd.it/29f8,unique_exact_title_year,movie,934,https://www.themoviedb.org/movie/934,https://api.themoviedb.org/3/search/movie?query=Rififi&primary_release_year=1955,
Evil Dead II,1987,https://boxd.it/29Ge,unique_exact_title_year,movie,765,https://www.themoviedb.org/movie/765,https://api.themoviedb.org/3/search/movie?query=Evil+Dead+II&primary_release_year=1987,
Two Women,1960,https://boxd.it/1yb4,unique_exact_title_year,movie,24167,https://www.themoviedb.org/movie/24167,https://api.themoviedb.org/3/search/movie?query=Two+Women&primary_release_year=1960,
Dirty Harry,1971,https://boxd.it/299E,unique_exact_title_year,movie,984,https://www.themoviedb.org/movie/984,https://api.themoviedb.org/3/search/movie?query=Dirty+Harry&primary_release_year=1971,
Arrival,2016,https://boxd.it/aNGk,letterboxd_link_api_checked,movie,329865,https://www.themoviedb.org/movie/329865,https://letterboxd.com/film/arrival-2016/,
Ferris Bueller's Day Off,1986,https://boxd.it/1YPY,unique_exact_title_year,movie,9377,https://www.themoviedb.org/movie/9377,https://api.themoviedb.org/3/search/movie?query=Ferris+Bueller%27s+Day+Off&primary_release_year=1986,
Blue Velvet,1986,https://boxd.it/29BI,unique_exact_title_year,movie,793,https://www.themoviedb.org/movie/793,https://api.themoviedb.org/3/search/movie?query=Blue+Velvet&primary_release_year=1986,
Under Siege,1992,https://boxd.it/1ZLy,unique_exact_title_year,movie,8845,https://www.themoviedb.org/movie/8845,https://api.themoviedb.org/3/search/movie?query=Under+Siege&primary_release_year=1992,
The Pianist,2002,https://boxd.it/2aqc,unique_exact_title_year,movie,423,https://www.themoviedb.org/movie/423,https://api.themoviedb.org/3/search/movie?query=The+Pianist&primary_release_year=2002,
Army of Shadows,1969,https://boxd.it/1Mli,unique_exact_title_year,movie,15383,https://www.themoviedb.org/movie/15383,https://api.themoviedb.org/3/search/movie?query=Army+of+Shadows&primary_release_year=1969,
The Wages of Fear,1953,https://boxd.it/2aSK,unique_exact_title_year,movie,204,https://www.themoviedb.org/movie/204,https://api.themoviedb.org/3/search/movie?query=The+Wages+of+Fear&primary_release_year=1953,
A Man Escaped,1956,https://boxd.it/1MzY,unique_exact_title_year,movie,15244,https://www.themoviedb.org/movie/15244,https://api.themoviedb.org/3/search/movie?query=A+Man+Escaped&primary_release_year=1956,
The Silence of the Lambs,1991,https://boxd.it/2aHW,unique_exact_title_year,movie,274,https://www.themoviedb.org/movie/274,https://api.themoviedb.org/3/search/movie?query=The+Silence+of+the+Lambs&primary_release_year=1991,
Fight Club,1999,https://boxd.it/2a9q,unique_exact_title_year,movie,550,https://www.themoviedb.org/movie/550,https://api.themoviedb.org/3/search/movie?query=Fight+Club&primary_release_year=1999,
The Green Mile,1999,https://boxd.it/2agG,unique_exact_title_year,movie,497,https://www.themoviedb.org/movie/497,https://api.themoviedb.org/3/search/movie?query=The+Green+Mile&primary_release_year=1999,
Pulp Fiction,1994,https://boxd.it/29Pq,unique_exact_title_year,movie,680,https://www.themoviedb.org/movie/680,https://api.themoviedb.org/3/search/movie?query=Pulp+Fiction&primary_release_year=1994,
Seven Samurai,1954,https://boxd.it/2axi,unique_exact_title_year,movie,346,https://www.themoviedb.org/movie/346,https://api.themoviedb.org/3/search/movie?query=Seven+Samurai&primary_release_year=1954,
The Shawshank Redemption,1994,https://boxd.it/2aHi,unique_exact_title_year,movie,278,https://www.themoviedb.org/movie/278,https://api.themoviedb.org/3/search/movie?query=The+Shawshank+Redemption&primary_release_year=1994,
Schindler's List,1993,https://boxd.it/2aq2,unique_exact_title_year,movie,424,https://www.themoviedb.org/movie/424,https://api.themoviedb.org/3/search/movie?query=Schindler%27s+List&primary_release_year=1993,
The Dark Knight,2008,https://boxd.it/2b0k,unique_exact_title_year,movie,155,https://www.themoviedb.org/movie/155,https://api.themoviedb.org/3/search/movie?query=The+Dark+Knight&primary_release_year=2008,
Paths of Glory,1957,https://boxd.it/29b6,unique_exact_title_year,movie,975,https://www.themoviedb.org/movie/975,https://api.themoviedb.org/3/search/movie?query=Paths+of+Glory&primary_release_year=1957,
Sunset Boulevard,1950,https://boxd.it/2a20,unique_exact_title_year,movie,599,https://www.themoviedb.org/movie/599,https://api.themoviedb.org/3/search/movie?query=Sunset+Boulevard&primary_release_year=1950,
It's a Wonderful Life,1946,https://boxd.it/28xA,unique_exact_title_year,movie,1585,https://www.themoviedb.org/movie/1585,https://api.themoviedb.org/3/search/movie?query=It%27s+a+Wonderful+Life&primary_release_year=1946,
Good Will Hunting,1997,https://boxd.it/2ahY,unique_exact_title_year,movie,489,https://www.themoviedb.org/movie/489,https://api.themoviedb.org/3/search/movie?query=Good+Will+Hunting&primary_release_year=1997,
Blade Runner 2049,2017,https://boxd.it/b8wK,unique_exact_title_year,movie,335984,https://www.themoviedb.org/movie/335984,https://api.themoviedb.org/3/search/movie?query=Blade+Runner+2049&primary_release_year=2017,
Trainspotting,1996,https://boxd.it/29XY,unique_exact_title_year,movie,627,https://www.themoviedb.org/movie/627,https://api.themoviedb.org/3/search/movie?query=Trainspotting&primary_release_year=1996,
Requiem for a Dream,2000,https://boxd.it/29VI,unique_exact_title_year,movie,641,https://www.themoviedb.org/movie/641,https://api.themoviedb.org/3/search/movie?query=Requiem+for+a+Dream&primary_release_year=2000,
The Princess Bride,1987,https://boxd.it/26EY,unique_exact_title_year,movie,2493,https://www.themoviedb.org/movie/2493,https://api.themoviedb.org/3/search/movie?query=The+Princess+Bride&primary_release_year=1987,
Oppenheimer,2023,https://boxd.it/wUow,unique_exact_title_year,movie,872585,https://www.themoviedb.org/movie/872585,https://api.themoviedb.org/3/search/movie?query=Oppenheimer&primary_release_year=2023,
How to Train Your Dragon,2010,https://boxd.it/1WRy,unique_exact_title_year,movie,10191,https://www.themoviedb.org/movie/10191,https://api.themoviedb.org/3/search/movie?query=How+to+Train+Your+Dragon&primary_release_year=2010,
Scarface,1983,https://boxd.it/2b7g,unique_exact_title_year,movie,111,https://www.themoviedb.org/movie/111,https://api.themoviedb.org/3/search/movie?query=Scarface&primary_release_year=1983,
A Clockwork Orange,1971,https://boxd.it/2aVE,unique_exact_title_year,movie,185,https://www.themoviedb.org/movie/185,https://api.themoviedb.org/3/search/movie?query=A+Clockwork+Orange&primary_release_year=1971,
Stand by Me,1986,https://boxd.it/2aOe,unique_exact_title_year,movie,235,https://www.themoviedb.org/movie/235,https://api.themoviedb.org/3/search/movie?query=Stand+by+Me&primary_release_year=1986,
The Wolf of Wall Street,2013,https://boxd.it/3C1m,unique_exact_title_year,movie,106646,https://www.themoviedb.org/movie/106646,https://api.themoviedb.org/3/search/movie?query=The+Wolf+of+Wall+Street&primary_release_year=2013,
The Big Lebowski,1998,https://boxd.it/2b6C,unique_exact_title_year,movie,115,https://www.themoviedb.org/movie/115,https://api.themoviedb.org/3/search/movie?query=The+Big+Lebowski&primary_release_year=1998,
The Social Network,2010,https://boxd.it/17ue,unique_exact_title_year,movie,37799,https://www.themoviedb.org/movie/37799,https://api.themoviedb.org/3/search/movie?query=The+Social+Network&primary_release_year=2010,
Corpse Bride,2005,https://boxd.it/24WQ,unique_exact_title_year,movie,3933,https://www.themoviedb.org/movie/3933,https://api.themoviedb.org/3/search/movie?query=Corpse+Bride&primary_release_year=2005,
Memento,2000,https://boxd.it/2bcK,unique_exact_title_year,movie,77,https://www.themoviedb.org/movie/77,https://api.themoviedb.org/3/search/movie?query=Memento&primary_release_year=2000,
Once Upon a Time... in Hollywood,2019,https://boxd.it/gH0O,unique_exact_title_year,movie,466272,https://www.themoviedb.org/movie/466272,https://api.themoviedb.org/3/search/movie?query=Once+Upon+a+Time...+in+Hollywood&primary_release_year=2019,
The Lighthouse,2019,https://boxd.it/icFU,letterboxd_link_api_checked,movie,503919,https://www.themoviedb.org/movie/503919,https://letterboxd.com/film/the-lighthouse-2019/,
Dune,2021,https://boxd.it/fA7G,unique_exact_title_year,movie,438631,https://www.themoviedb.org/movie/438631,https://api.themoviedb.org/3/search/movie?query=Dune&primary_release_year=2021,
The Hunger Games,2012,https://boxd.it/2uds,unique_exact_title_year,movie,70160,https://www.themoviedb.org/movie/70160,https://api.themoviedb.org/3/search/movie?query=The+Hunger+Games&primary_release_year=2012,
Pan's Labyrinth,2006,https://boxd.it/28No,unique_exact_title_year,movie,1417,https://www.themoviedb.org/movie/1417,https://api.themoviedb.org/3/search/movie?query=Pan%27s+Labyrinth&primary_release_year=2006,
Joker,2019,https://boxd.it/h4cS,unique_exact_title_year,movie,475557,https://www.themoviedb.org/movie/475557,https://api.themoviedb.org/3/search/movie?query=Joker&primary_release_year=2019,
Barbie,2023,https://boxd.it/bCLK,unique_exact_title_year,movie,346698,https://www.themoviedb.org/movie/346698,https://api.themoviedb.org/3/search/movie?query=Barbie&primary_release_year=2023,
Labyrinth,1986,https://boxd.it/1POC,unique_exact_title_year,movie,13597,https://www.themoviedb.org/movie/13597,https://api.themoviedb.org/3/search/movie?query=Labyrinth&primary_release_year=1986,
Halloween,1978,https://boxd.it/2wRu,unique_exact_title_year,movie,948,https://www.themoviedb.org/movie/948,https://api.themoviedb.org/3/search/movie?query=Halloween&primary_release_year=1978,
Top Gun: Maverick,2022,https://boxd.it/cjr4,unique_exact_title_year,movie,361743,https://www.themoviedb.org/movie/361743,https://api.themoviedb.org/3/search/movie?query=Top+Gun%3A+Maverick&primary_release_year=2022,
The Witch,2015,https://boxd.it/9X0m,unique_exact_title_year,movie,526667,https://www.themoviedb.org/movie/526667,https://api.themoviedb.org/3/search/movie?query=The+Witch&primary_release_year=2015,
Reservoir Dogs,1992,https://boxd.it/2agc,unique_exact_title_year,movie,500,https://www.themoviedb.org/movie/500,https://api.themoviedb.org/3/search/movie?query=Reservoir+Dogs&primary_release_year=1992,
Catch Me If You Can,2002,https://boxd.it/29VS,unique_exact_title_year,movie,640,https://www.themoviedb.org/movie/640,https://api.themoviedb.org/3/search/movie?query=Catch+Me+If+You+Can&primary_release_year=2002,
Hacksaw Ridge,2016,https://boxd.it/azew,unique_exact_title_year,movie,324786,https://www.themoviedb.org/movie/324786,https://api.themoviedb.org/3/search/movie?query=Hacksaw+Ridge&primary_release_year=2016,
Atonement,2007,https://boxd.it/24ui,unique_exact_title_year,movie,4347,https://www.themoviedb.org/movie/4347,https://api.themoviedb.org/3/search/movie?query=Atonement&primary_release_year=2007,
The Goonies,1985,https://boxd.it/1YVC,unique_exact_title_year,movie,9340,https://www.themoviedb.org/movie/9340,https://api.themoviedb.org/3/search/movie?query=The+Goonies&primary_release_year=1985,
Monty Python and the Holy Grail,1975,https://boxd.it/29GI,unique_exact_title_year,movie,762,https://www.themoviedb.org/movie/762,https://api.themoviedb.org/3/search/movie?query=Monty+Python+and+the+Holy+Grail&primary_release_year=1975,
Bridget Jones's Diary,2001,https://boxd.it/29WQ,unique_exact_title_year,movie,634,https://www.themoviedb.org/movie/634,https://api.themoviedb.org/3/search/movie?query=Bridget+Jones%27s+Diary&primary_release_year=2001,
Slumdog Millionaire,2008,https://boxd.it/1S3E,unique_exact_title_year,movie,12405,https://www.themoviedb.org/movie/12405,https://api.themoviedb.org/3/search/movie?query=Slumdog+Millionaire&primary_release_year=2008,
28 Days Later,2002,https://boxd.it/2aXU,unique_exact_title_year,movie,170,https://www.themoviedb.org/movie/170,https://api.themoviedb.org/3/search/movie?query=28+Days+Later&primary_release_year=2002,
12 Years a Slave,2013,https://boxd.it/2D2e,unique_exact_title_year,movie,76203,https://www.themoviedb.org/movie/76203,https://api.themoviedb.org/3/search/movie?query=12+Years+a+Slave&primary_release_year=2013,
The Usual Suspects,1995,https://boxd.it/29XE,unique_exact_title_year,movie,629,https://www.themoviedb.org/movie/629,https://api.themoviedb.org/3/search/movie?query=The+Usual+Suspects&primary_release_year=1995,
Sicario,2015,https://boxd.it/8i7u,unique_exact_title_year,movie,273481,https://www.themoviedb.org/movie/273481,https://api.themoviedb.org/3/search/movie?query=Sicario&primary_release_year=2015,
Beetlejuice Beetlejuice,2024,https://boxd.it/yyGs,unique_exact_title_year,movie,917496,https://www.themoviedb.org/movie/917496,https://api.themoviedb.org/3/search/movie?query=Beetlejuice+Beetlejuice&primary_release_year=2024,
The Theory of Everything,2014,https://boxd.it/7YtA,unique_exact_title_year,movie,266856,https://www.themoviedb.org/movie/266856,https://api.themoviedb.org/3/search/movie?query=The+Theory+of+Everything&primary_release_year=2014,
The Matrix Reloaded,2003,https://boxd.it/2a1c,unique_exact_title_year,movie,604,https://www.themoviedb.org/movie/604,https://api.themoviedb.org/3/search/movie?query=The+Matrix+Reloaded&primary_release_year=2003,
Sherlock Holmes,2009,https://boxd.it/1W2A,unique_exact_title_year,movie,10528,https://www.themoviedb.org/movie/10528,https://api.themoviedb.org/3/search/movie?query=Sherlock+Holmes&primary_release_year=2009,
All Quiet on the Western Front,2022,https://boxd.it/H08,unique_exact_title_year,movie,49046,https://www.themoviedb.org/movie/49046,https://api.themoviedb.org/3/search/movie?query=All+Quiet+on+the+Western+Front&primary_release_year=2022,
Alien: Romulus,2024,https://boxd.it/zGqO,unique_exact_title_year,movie,945961,https://www.themoviedb.org/movie/945961,https://api.themoviedb.org/3/search/movie?query=Alien%3A+Romulus&primary_release_year=2024,
The Twilight Saga: Breaking Dawn – Part 1,2011,https://boxd.it/DdM,unique_exact_title_year,movie,50619,https://www.themoviedb.org/movie/50619,https://api.themoviedb.org/3/search/movie?query=The+Twilight+Saga%3A+Breaking+Dawn+%E2%80%93+Part+1&primary_release_year=2011,
The Twilight Saga: Breaking Dawn – Part 2,2012,https://boxd.it/DdC,unique_exact_title_year,movie,50620,https://www.themoviedb.org/movie/50620,https://api.themoviedb.org/3/search/movie?query=The+Twilight+Saga%3A+Breaking+Dawn+%E2%80%93+Part+2&primary_release_year=2012,
Paddington,2014,https://boxd.it/3RKw,unique_exact_title_year,movie,116149,https://www.themoviedb.org/movie/116149,https://api.themoviedb.org/3/search/movie?query=Paddington&primary_release_year=2014,
Borat: Cultural Learnings of America for Make Benefit Glorious Nation of Kazakhstan,2006,https://boxd.it/2agQ,unique_exact_title_year,movie,496,https://www.themoviedb.org/movie/496,https://api.themoviedb.org/3/search/movie?query=Borat%3A+Cultural+Learnings+of+America+for+Make+Benefit+Glorious+Nation+of+Kazakhstan&primary_release_year=2006,
The Blair Witch Project,1999,https://boxd.it/26ua,unique_exact_title_year,movie,2667,https://www.themoviedb.org/movie/2667,https://api.themoviedb.org/3/search/movie?query=The+Blair+Witch+Project&primary_release_year=1999,
Back to the Future Part III,1990,https://boxd.it/2aTS,unique_exact_title_year,movie,196,https://www.themoviedb.org/movie/196,https://api.themoviedb.org/3/search/movie?query=Back+to+the+Future+Part+III&primary_release_year=1990,
Solo: A Star Wars Story,2018,https://boxd.it/bGWs,unique_exact_title_year,movie,348350,https://www.themoviedb.org/movie/348350,https://api.themoviedb.org/3/search/movie?query=Solo%3A+A+Star+Wars+Story&primary_release_year=2018,
The Hobbit: The Battle of the Five Armies,2014,https://boxd.it/43aU,unique_exact_title_year,movie,122917,https://www.themoviedb.org/movie/122917,https://api.themoviedb.org/3/search/movie?query=The+Hobbit%3A+The+Battle+of+the+Five+Armies&primary_release_year=2014,
How to Train Your Dragon 2,2014,https://boxd.it/2TRW,unique_exact_title_year,movie,82702,https://www.themoviedb.org/movie/82702,https://api.themoviedb.org/3/search/movie?query=How+to+Train+Your+Dragon+2&primary_release_year=2014,
Indiana Jones and the Temple of Doom,1984,https://boxd.it/2bb8,unique_exact_title_year,movie,87,https://www.themoviedb.org/movie/87,https://api.themoviedb.org/3/search/movie?query=Indiana+Jones+and+the+Temple+of+Doom&primary_release_year=1984,
Smile,2022,https://boxd.it/xjfE,letterboxd_link_api_checked,movie,882598,https://www.themoviedb.org/movie/882598,https://letterboxd.com/film/smile-2022/,
I Am Legend,2007,https://boxd.it/21DG,unique_exact_title_year,movie,6479,https://www.themoviedb.org/movie/6479,https://api.themoviedb.org/3/search/movie?query=I+Am+Legend&primary_release_year=2007,
Kick-Ass,2010,https://boxd.it/1zaQ,unique_exact_title_year,movie,23483,https://www.themoviedb.org/movie/23483,https://api.themoviedb.org/3/search/movie?query=Kick-Ass&primary_release_year=2010,
Maleficent,2014,https://boxd.it/3v1u,unique_exact_title_year,movie,102651,https://www.themoviedb.org/movie/102651,https://api.themoviedb.org/3/search/movie?query=Maleficent&primary_release_year=2014,
The Hobbit: The Desolation of Smaug,2013,https://boxd.it/nmS,unique_exact_title_year,movie,57158,https://www.themoviedb.org/movie/57158,https://api.themoviedb.org/3/search/movie?query=The+Hobbit%3A+The+Desolation+of+Smaug&primary_release_year=2013,
Indiana Jones and the Last Crusade,1989,https://boxd.it/2baO,unique_exact_title_year,movie,89,https://www.themoviedb.org/movie/89,https://api.themoviedb.org/3/search/movie?query=Indiana+Jones+and+the+Last+Crusade&primary_release_year=1989,
Groundhog Day,1993,https://boxd.it/2b3e,unique_exact_title_year,movie,137,https://www.themoviedb.org/movie/137,https://api.themoviedb.org/3/search/movie?query=Groundhog+Day&primary_release_year=1993,
The Twilight Saga: New Moon,2009,https://boxd.it/1Hj2,unique_exact_title_year,movie,18239,https://www.themoviedb.org/movie/18239,https://api.themoviedb.org/3/search/movie?query=The+Twilight+Saga%3A+New+Moon&primary_release_year=2009,
The Mask,1994,https://boxd.it/29rS,unique_exact_title_year,movie,854,https://www.themoviedb.org/movie/854,https://api.themoviedb.org/3/search/movie?query=The+Mask&primary_release_year=1994,
Saw,2004,https://boxd.it/2aWW,unique_exact_title_year,movie,176,https://www.themoviedb.org/movie/176,https://api.themoviedb.org/3/search/movie?query=Saw&primary_release_year=2004,
The Terminator,1984,https://boxd.it/2aQY,unique_exact_title_year,movie,218,https://www.themoviedb.org/movie/218,https://api.themoviedb.org/3/search/movie?query=The+Terminator&primary_release_year=1984,
Top Gun,1986,https://boxd.it/29JC,unique_exact_title_year,movie,744,https://www.themoviedb.org/movie/744,https://api.themoviedb.org/3/search/movie?query=Top+Gun&primary_release_year=1986,
Brokeback Mountain,2005,https://boxd.it/2b2q,unique_exact_title_year,movie,142,https://www.themoviedb.org/movie/142,https://api.themoviedb.org/3/search/movie?query=Brokeback+Mountain&primary_release_year=2005,
Ted,2012,https://boxd.it/2pgc,unique_exact_title_year,movie,72105,https://www.themoviedb.org/movie/72105,https://api.themoviedb.org/3/search/movie?query=Ted&primary_release_year=2012,
The Hunger Games: The Ballad of Songbirds & Snakes,2023,https://boxd.it/pZCY,unique_exact_title_year,movie,695721,https://www.themoviedb.org/movie/695721,https://api.themoviedb.org/3/search/movie?query=The+Hunger+Games%3A+The+Ballad+of+Songbirds+%26+Snakes&primary_release_year=2023,
Matilda,1996,https://boxd.it/1VhY,unique_exact_title_year,movie,10830,https://www.themoviedb.org/movie/10830,https://api.themoviedb.org/3/search/movie?query=Matilda&primary_release_year=1996,
Pirates of the Caribbean: At World's End,2007,https://boxd.it/2aGu,unique_exact_title_year,movie,285,https://www.themoviedb.org/movie/285,https://api.themoviedb.org/3/search/movie?query=Pirates+of+the+Caribbean%3A+At+World%27s+End&primary_release_year=2007,
V for Vendetta,2005,https://boxd.it/29Ik,letterboxd_link_api_checked,movie,752,https://www.themoviedb.org/movie/752,https://letterboxd.com/film/v-for-vendetta/,
Grease,1978,https://boxd.it/29YW,unique_exact_title_year,movie,621,https://www.themoviedb.org/movie/621,https://api.themoviedb.org/3/search/movie?query=Grease&primary_release_year=1978,
Life of Pi,2012,https://boxd.it/37pC,unique_exact_title_year,movie,87827,https://www.themoviedb.org/movie/87827,https://api.themoviedb.org/3/search/movie?query=Life+of+Pi&primary_release_year=2012,
Elf,2003,https://boxd.it/1VyK,unique_exact_title_year,movie,10719,https://www.themoviedb.org/movie/10719,https://api.themoviedb.org/3/search/movie?query=Elf&primary_release_year=2003,
The Super Mario Bros. Movie,2023,https://boxd.it/i8C8,unique_exact_title_year,movie,502356,https://www.themoviedb.org/movie/502356,https://api.themoviedb.org/3/search/movie?query=The+Super+Mario+Bros.+Movie&primary_release_year=2023,
Fargo,1996,https://boxd.it/2aHM,unique_exact_title_year,movie,275,https://www.themoviedb.org/movie/275,https://api.themoviedb.org/3/search/movie?query=Fargo&primary_release_year=1996,
Saltburn,2023,https://boxd.it/z4eg,unique_exact_title_year,movie,930564,https://www.themoviedb.org/movie/930564,https://api.themoviedb.org/3/search/movie?query=Saltburn&primary_release_year=2023,
Ghostbusters,1984,https://boxd.it/g2w,unique_exact_title_year,movie,620,https://www.themoviedb.org/movie/620,https://api.themoviedb.org/3/search/movie?query=Ghostbusters&primary_release_year=1984,
The Hobbit: An Unexpected Journey,2012,https://boxd.it/GZk,unique_exact_title_year,movie,49051,https://www.themoviedb.org/movie/49051,https://api.themoviedb.org/3/search/movie?query=The+Hobbit%3A+An+Unexpected+Journey&primary_release_year=2012,
Back to the Future Part II,1989,https://boxd.it/2aYI,unique_exact_title_year,movie,165,https://www.themoviedb.org/movie/165,https://api.themoviedb.org/3/search/movie?query=Back+to+the+Future+Part+II&primary_release_year=1989,
Ocean's Eleven,2001,https://boxd.it/2aZm,unique_exact_title_year,movie,161,https://www.themoviedb.org/movie/161,https://api.themoviedb.org/3/search/movie?query=Ocean%27s+Eleven&primary_release_year=2001,
Gravity,2013,https://boxd.it/GZY,unique_exact_title_year,movie,49047,https://www.themoviedb.org/movie/49047,https://api.themoviedb.org/3/search/movie?query=Gravity&primary_release_year=2013,
The Hateful Eight,2015,https://boxd.it/8gw8,unique_exact_title_year,movie,273248,https://www.themoviedb.org/movie/273248,https://api.themoviedb.org/3/search/movie?query=The+Hateful+Eight&primary_release_year=2015,
Bird Box,2018,https://boxd.it/eh1i,unique_exact_title_year,movie,405774,https://www.themoviedb.org/movie/405774,https://api.themoviedb.org/3/search/movie?query=Bird+Box&primary_release_year=2018,
Pirates of the Caribbean: Dead Man's Chest,2006,https://boxd.it/2bfk,unique_exact_title_year,movie,58,https://www.themoviedb.org/movie/58,https://api.themoviedb.org/3/search/movie?query=Pirates+of+the+Caribbean%3A+Dead+Man%27s+Chest&primary_release_year=2006,
American Beauty,1999,https://boxd.it/71Y,unique_exact_title_year,movie,14,https://www.themoviedb.org/movie/14,https://api.themoviedb.org/3/search/movie?query=American+Beauty&primary_release_year=1999,
Alice in Wonderland,2010,https://boxd.it/1Spq,letterboxd_link_api_checked,movie,12155,https://www.themoviedb.org/movie/12155,https://letterboxd.com/film/alice-in-wonderland-2010/,
Despicable Me,2010,https://boxd.it/1DD8,unique_exact_title_year,movie,20352,https://www.themoviedb.org/movie/20352,https://api.themoviedb.org/3/search/movie?query=Despicable+Me&primary_release_year=2010,
Zombieland,2009,https://boxd.it/1En6,unique_exact_title_year,movie,19908,https://www.themoviedb.org/movie/19908,https://api.themoviedb.org/3/search/movie?query=Zombieland&primary_release_year=2009,
School of Rock,2003,https://boxd.it/28xK,letterboxd_link_api_checked,movie,1584,https://www.themoviedb.org/movie/1584,https://letterboxd.com/film/school-of-rock/,
Kill Bill: Vol. 2,2004,https://boxd.it/2au4,unique_exact_title_year,movie,393,https://www.themoviedb.org/movie/393,https://api.themoviedb.org/3/search/movie?query=Kill+Bill%3A+Vol.+2&primary_release_year=2004,
The Revenant,2015,https://boxd.it/8H5e,unique_exact_title_year,movie,281957,https://www.themoviedb.org/movie/281957,https://api.themoviedb.org/3/search/movie?query=The+Revenant&primary_release_year=2015,
Twilight,2008,https://boxd.it/1Zui,unique_exact_title_year,movie,8966,https://www.themoviedb.org/movie/8966,https://api.themoviedb.org/3/search/movie?query=Twilight&primary_release_year=2008,
Star Wars: The Last Jedi,2017,https://boxd.it/5xme,unique_exact_title_year,movie,181808,https://www.themoviedb.org/movie/181808,https://api.themoviedb.org/3/search/movie?query=Star+Wars%3A+The+Last+Jedi&primary_release_year=2017,
Ex Machina,2015,https://boxd.it/7T2k,unique_exact_title_year,movie,264660,https://www.themoviedb.org/movie/264660,https://api.themoviedb.org/3/search/movie?query=Ex+Machina&primary_release_year=2015,
Nope,2022,https://boxd.it/sDCe,unique_exact_title_year,movie,762504,https://www.themoviedb.org/movie/762504,https://api.themoviedb.org/3/search/movie?query=Nope&primary_release_year=2022,
Star Wars: Episode II – Attack of the Clones,2002,https://boxd.it/27V2,unique_exact_title_year,movie,1894,https://www.themoviedb.org/movie/1894,https://api.themoviedb.org/3/search/movie?query=Star+Wars%3A+Episode+II+%E2%80%93%C2%A0Attack+of+the+Clones&primary_release_year=2002,
The Hunger Games: Catching Fire,2013,https://boxd.it/3sAw,unique_exact_title_year,movie,101299,https://www.themoviedb.org/movie/101299,https://api.themoviedb.org/3/search/movie?query=The+Hunger+Games%3A+Catching+Fire&primary_release_year=2013,
The Nightmare Before Christmas,1993,https://boxd.it/1YzQ,unique_exact_title_year,movie,9479,https://www.themoviedb.org/movie/9479,https://api.themoviedb.org/3/search/movie?query=The+Nightmare+Before+Christmas&primary_release_year=1993,
Donnie Darko,2001,https://boxd.it/2b2A,unique_exact_title_year,movie,141,https://www.themoviedb.org/movie/141,https://api.themoviedb.org/3/search/movie?query=Donnie+Darko&primary_release_year=2001,
Tangled,2010,https://boxd.it/15gO,unique_exact_title_year,movie,38757,https://www.themoviedb.org/movie/38757,https://api.themoviedb.org/3/search/movie?query=Tangled&primary_release_year=2010,
Star Wars: Episode I – The Phantom Menace,1999,https://boxd.it/27Vc,unique_exact_title_year,movie,1893,https://www.themoviedb.org/movie/1893,https://api.themoviedb.org/3/search/movie?query=Star+Wars%3A+Episode+I+%E2%80%93+The+Phantom+Menace&primary_release_year=1999,
1917,2019,https://boxd.it/jj4y,unique_exact_title_year,movie,530915,https://www.themoviedb.org/movie/530915,https://api.themoviedb.org/3/search/movie?query=1917&primary_release_year=2019,
Star Wars: Episode III – Revenge of the Sith,2005,https://boxd.it/27US,unique_exact_title_year,movie,1895,https://www.themoviedb.org/movie/1895,https://api.themoviedb.org/3/search/movie?query=Star+Wars%3A+Episode+III+%E2%80%93%C2%A0Revenge+of+the+Sith&primary_release_year=2005,
Rogue One: A Star Wars Story,2016,https://boxd.it/aPvy,unique_exact_title_year,movie,330459,https://www.themoviedb.org/movie/330459,https://api.themoviedb.org/3/search/movie?query=Rogue+One%3A+A+Star+Wars+Story&primary_release_year=2016,
Pirates of the Caribbean: The Curse of the Black Pearl,2003,https://boxd.it/70G,unique_exact_title_year,movie,22,https://www.themoviedb.org/movie/22,https://api.themoviedb.org/3/search/movie?query=Pirates+of+the+Caribbean%3A+The+Curse+of+the+Black+Pearl&primary_release_year=2003,
Frozen,2013,https://boxd.it/3GNa,unique_exact_title_year,movie,109445,https://www.themoviedb.org/movie/109445,https://api.themoviedb.org/3/search/movie?query=Frozen&primary_release_year=2013,
Don't Look Up,2021,https://boxd.it/o0Hc,unique_exact_title_year,movie,646380,https://www.themoviedb.org/movie/646380,https://api.themoviedb.org/3/search/movie?query=Don%27t+Look+Up&primary_release_year=2021,
Thor,2011,https://boxd.it/1WQU,unique_exact_title_year,movie,10195,https://www.themoviedb.org/movie/10195,https://api.themoviedb.org/3/search/movie?query=Thor&primary_release_year=2011,
Return of the Jedi,1983,https://boxd.it/27Vm,unique_exact_title_year,movie,1892,https://www.themoviedb.org/movie/1892,https://api.themoviedb.org/3/search/movie?query=Return+of+the+Jedi&primary_release_year=1983,
The Lord of the Rings: The Two Towers,2002,https://boxd.it/2b5E,unique_exact_title_year,movie,121,https://www.themoviedb.org/movie/121,https://api.themoviedb.org/3/search/movie?query=The+Lord+of+the+Rings%3A+The+Two+Towers&primary_release_year=2002,
The Martian,2015,https://boxd.it/8SeG,unique_exact_title_year,movie,286217,https://www.themoviedb.org/movie/286217,https://api.themoviedb.org/3/search/movie?query=The+Martian&primary_release_year=2015,
Dunkirk,2017,https://boxd.it/d0Y6,unique_exact_title_year,movie,374720,https://www.themoviedb.org/movie/374720,https://api.themoviedb.org/3/search/movie?query=Dunkirk&primary_release_year=2017,
Home Alone,1990,https://boxd.it/29Fg,unique_exact_title_year,movie,771,https://www.themoviedb.org/movie/771,https://api.themoviedb.org/3/search/movie?query=Home+Alone&primary_release_year=1990,
American Psycho,2000,https://boxd.it/28Vs,unique_exact_title_year,movie,1359,https://www.themoviedb.org/movie/1359,https://api.themoviedb.org/3/search/movie?query=American+Psycho&primary_release_year=2000,
It,2017,https://boxd.it/bC8e,letterboxd_link_api_checked,movie,346364,https://www.themoviedb.org/movie/346364,https://letterboxd.com/film/it-2017/,
Jurassic Park,1993,https://boxd.it/2aA2,unique_exact_title_year,movie,329,https://www.themoviedb.org/movie/329,https://api.themoviedb.org/3/search/movie?query=Jurassic+Park&primary_release_year=1993,
Back to the Future,1985,https://boxd.it/2b8e,unique_exact_title_year,movie,105,https://www.themoviedb.org/movie/105,https://api.themoviedb.org/3/search/movie?query=Back+to+the+Future&primary_release_year=1985,
Kill Bill: Vol. 1,2003,https://boxd.it/70w,unique_exact_title_year,movie,24,https://www.themoviedb.org/movie/24,https://api.themoviedb.org/3/search/movie?query=Kill+Bill%3A+Vol.+1&primary_release_year=2003,
Titanic,1997,https://boxd.it/2a2k,unique_exact_title_year,movie,597,https://www.themoviedb.org/movie/597,https://api.themoviedb.org/3/search/movie?query=Titanic&primary_release_year=1997,
Iron Man,2008,https://boxd.it/28dA,unique_exact_title_year,movie,1726,https://www.themoviedb.org/movie/1726,https://api.themoviedb.org/3/search/movie?query=Iron+Man&primary_release_year=2008,
Gone Girl,2014,https://boxd.it/6hQu,unique_exact_title_year,movie,210577,https://www.themoviedb.org/movie/210577,https://api.themoviedb.org/3/search/movie?query=Gone+Girl&primary_release_year=2014,
Star Wars: The Force Awakens,2015,https://boxd.it/4vru,unique_exact_title_year,movie,140607,https://www.themoviedb.org/movie/140607,https://api.themoviedb.org/3/search/movie?query=Star+Wars%3A+The+Force+Awakens&primary_release_year=2015,
The Truman Show,1998,https://boxd.it/18U8,unique_exact_title_year,movie,37165,https://www.themoviedb.org/movie/37165,https://api.themoviedb.org/3/search/movie?query=The+Truman+Show&primary_release_year=1998,
WALL·E,2008,https://boxd.it/1VEo,unique_exact_title_year,movie,10681,https://www.themoviedb.org/movie/10681,https://api.themoviedb.org/3/search/movie?query=WALL%C2%B7E&primary_release_year=2008,
Knives Out,2019,https://boxd.it/jWEA,unique_exact_title_year,movie,546554,https://www.themoviedb.org/movie/546554,https://api.themoviedb.org/3/search/movie?query=Knives+Out&primary_release_year=2019,
Inception,2010,https://boxd.it/1skk,unique_exact_title_year,movie,27205,https://www.themoviedb.org/movie/27205,https://api.themoviedb.org/3/search/movie?query=Inception&primary_release_year=2010,
Dark Star,1974,https://boxd.it/28Ow,unique_exact_title_year,movie,1410,https://www.themoviedb.org/movie/1410,https://api.themoviedb.org/3/search/movie?query=Dark+Star&primary_release_year=1974,
Mr. Klein,1976,https://boxd.it/jgw,unique_exact_title_year,movie,58925,https://www.themoviedb.org/movie/58925,https://api.themoviedb.org/3/search/movie?query=Mr.+Klein&primary_release_year=1976,
The Artist,2011,https://boxd.it/2AwK,unique_exact_title_year,movie,74643,https://www.themoviedb.org/movie/74643,https://api.themoviedb.org/3/search/movie?query=The+Artist&primary_release_year=2011,
Lifeforce,1985,https://boxd.it/1SGw,unique_exact_title_year,movie,11954,https://www.themoviedb.org/movie/11954,https://api.themoviedb.org/3/search/movie?query=Lifeforce&primary_release_year=1985,
Purple Noon,1960,https://boxd.it/1WrU,unique_exact_title_year,movie,10363,https://www.themoviedb.org/movie/10363,https://api.themoviedb.org/3/search/movie?query=Purple+Noon&primary_release_year=1960,
Persepolis,2007,https://boxd.it/27DC,unique_exact_title_year,movie,2011,https://www.themoviedb.org/movie/2011,https://api.themoviedb.org/3/search/movie?query=Persepolis&primary_release_year=2007,
The Magnificent One,1973,https://boxd.it/1EVs,unique_exact_title_year,movie,19562,https://www.themoviedb.org/movie/19562,https://api.themoviedb.org/3/search/movie?query=The+Magnificent+One&primary_release_year=1973,
Beverly Hills Cop,1984,https://boxd.it/2baE,unique_exact_title_year,movie,90,https://www.themoviedb.org/movie/90,https://api.themoviedb.org/3/search/movie?query=Beverly+Hills+Cop&primary_release_year=1984,
Hardware,1990,https://boxd.it/1Uas,unique_exact_title_year,movie,11309,https://www.themoviedb.org/movie/11309,https://api.themoviedb.org/3/search/movie?query=Hardware&primary_release_year=1990,
The Sicilian Clan,1969,https://boxd.it/24E8,unique_exact_title_year,movie,4235,https://www.themoviedb.org/movie/4235,https://api.themoviedb.org/3/search/movie?query=The+Sicilian+Clan&primary_release_year=1969,
Grindhouse,2007,https://boxd.it/8RwY,unique_exact_title_year,movie,285923,https://www.themoviedb.org/movie/285923,https://api.themoviedb.org/3/search/movie?query=Grindhouse&primary_release_year=2007,
Children of Paradise,1945,https://boxd.it/26H4,unique_exact_title_year,movie,2457,https://www.themoviedb.org/movie/2457,https://api.themoviedb.org/3/search/movie?query=Children+of+Paradise&primary_release_year=1945,
From Beyond,1986,https://boxd.it/1NXi,unique_exact_title_year,movie,14510,https://www.themoviedb.org/movie/14510,https://api.themoviedb.org/3/search/movie?query=From+Beyond&primary_release_year=1986,
Bride of Re-Animator,1990,https://boxd.it/1HyQ,unique_exact_title_year,movie,18111,https://www.themoviedb.org/movie/18111,https://api.themoviedb.org/3/search/movie?query=Bride+of+Re-Animator&primary_release_year=1990,
Re-Animator,1985,https://boxd.it/28hM,unique_exact_title_year,movie,1694,https://www.themoviedb.org/movie/1694,https://api.themoviedb.org/3/search/movie?query=Re-Animator&primary_release_year=1985,
Total Recall,1990,https://boxd.it/29qK,unique_exact_title_year,movie,861,https://www.themoviedb.org/movie/861,https://api.themoviedb.org/3/search/movie?query=Total+Recall&primary_release_year=1990,
Mad Max,1979,https://boxd.it/1Y7i,unique_exact_title_year,movie,9659,https://www.themoviedb.org/movie/9659,https://api.themoviedb.org/3/search/movie?query=Mad+Max&primary_release_year=1979,
Mad Max 2,1981,https://boxd.it/1ZPg,unique_exact_title_year,movie,8810,https://www.themoviedb.org/movie/8810,https://api.themoviedb.org/3/search/movie?query=Mad+Max+2&primary_release_year=1981,
Mad Max Beyond Thunderdome,1985,https://boxd.it/1YTm,unique_exact_title_year,movie,9355,https://www.themoviedb.org/movie/9355,https://api.themoviedb.org/3/search/movie?query=Mad+Max+Beyond+Thunderdome&primary_release_year=1985,
Robotrix,1991,https://boxd.it/1w2,unique_exact_title_year,movie,64348,https://www.themoviedb.org/movie/64348,https://api.themoviedb.org/3/search/movie?query=Robotrix&primary_release_year=1991,
This Is Spinal Tap,1984,https://boxd.it/1UOs,unique_exact_title_year,movie,11031,https://www.themoviedb.org/movie/11031,https://api.themoviedb.org/3/search/movie?query=This+Is+Spinal+Tap&primary_release_year=1984,
Eyes Without a Face,1960,https://boxd.it/1j9i,unique_exact_title_year,movie,31417,https://www.themoviedb.org/movie/31417,https://api.themoviedb.org/3/search/movie?query=Eyes+Without+a+Face&primary_release_year=1960,
Betty Blue,1986,https://boxd.it/1SBw,unique_exact_title_year,movie,11986,https://www.themoviedb.org/movie/11986,https://api.themoviedb.org/3/search/movie?query=Betty+Blue&primary_release_year=1986,
Barefoot Gen,1983,https://boxd.it/1OMK,unique_exact_title_year,movie,14087,https://www.themoviedb.org/movie/14087,https://api.themoviedb.org/3/search/movie?query=Barefoot+Gen&primary_release_year=1983,
Daybreak,1939,https://boxd.it/1sD2,unique_exact_title_year,movie,27053,https://www.themoviedb.org/movie/27053,https://api.themoviedb.org/3/search/movie?query=Daybreak&primary_release_year=1939,
The Killing,1956,https://boxd.it/2aMi,unique_exact_title_year,movie,247,https://www.themoviedb.org/movie/247,https://api.themoviedb.org/3/search/movie?query=The+Killing&primary_release_year=1956,
Port of Shadows,1938,https://boxd.it/Nr0,unique_exact_title_year,movie,46326,https://www.themoviedb.org/movie/46326,https://api.themoviedb.org/3/search/movie?query=Port+of+Shadows&primary_release_year=1938,
Jenny Lamour,1947,https://boxd.it/F3O,unique_exact_title_year,movie,49842,https://www.themoviedb.org/movie/49842,https://api.themoviedb.org/3/search/movie?query=Jenny+Lamour&primary_release_year=1947,
Le Deuxième Souffle,1966,https://boxd.it/1wvG,unique_exact_title_year,movie,25047,https://www.themoviedb.org/movie/25047,https://api.themoviedb.org/3/search/movie?query=Le+Deuxi%C3%A8me+Souffle&primary_release_year=1966,
The Big Risk,1960,https://boxd.it/1ege,unique_exact_title_year,movie,34145,https://www.themoviedb.org/movie/34145,https://api.themoviedb.org/3/search/movie?query=The+Big+Risk&primary_release_year=1960,
The African Queen,1951,https://boxd.it/2ai8,letterboxd_link_api_checked,movie,488,https://www.themoviedb.org/movie/488,https://letterboxd.com/film/the-african-queen/,
The Deer Hunter,1978,https://boxd.it/1T6O,unique_exact_title_year,movie,11778,https://www.themoviedb.org/movie/11778,https://api.themoviedb.org/3/search/movie?query=The+Deer+Hunter&primary_release_year=1978,
The Thin Red Line,1998,https://boxd.it/1ZTM,unique_exact_title_year,movie,8741,https://www.themoviedb.org/movie/8741,https://api.themoviedb.org/3/search/movie?query=The+Thin+Red+Line&primary_release_year=1998,
Platoon,1986,https://boxd.it/29BS,unique_exact_title_year,movie,792,https://www.themoviedb.org/movie/792,https://api.themoviedb.org/3/search/movie?query=Platoon&primary_release_year=1986,
Black Hawk Down,2001,https://boxd.it/29rI,unique_exact_title_year,movie,855,https://www.themoviedb.org/movie/855,https://api.themoviedb.org/3/search/movie?query=Black+Hawk+Down&primary_release_year=2001,
Fury,2014,https://boxd.it/6JwC,unique_exact_title_year,movie,228150,https://www.themoviedb.org/movie/228150,https://api.themoviedb.org/3/search/movie?query=Fury&primary_release_year=2014,
Downfall,2004,https://boxd.it/2a04,unique_exact_title_year,movie,613,https://www.themoviedb.org/movie/613,https://api.themoviedb.org/3/search/movie?query=Downfall&primary_release_year=2004,
We Were Soldiers,2002,https://boxd.it/1VSA,unique_exact_title_year,movie,10590,https://www.themoviedb.org/movie/10590,https://api.themoviedb.org/3/search/movie?query=We+Were+Soldiers&primary_release_year=2002,
The Longest Day,1962,https://boxd.it/1Z3w,unique_exact_title_year,movie,9289,https://www.themoviedb.org/movie/9289,https://api.themoviedb.org/3/search/movie?query=The+Longest+Day&primary_release_year=1962,
The Great Escape,1963,https://boxd.it/22kA,unique_exact_title_year,movie,5925,https://www.themoviedb.org/movie/5925,https://api.themoviedb.org/3/search/movie?query=The+Great+Escape&primary_release_year=1963,
Cross of Iron,1977,https://boxd.it/1Vgw,unique_exact_title_year,movie,10839,https://www.themoviedb.org/movie/10839,https://api.themoviedb.org/3/search/movie?query=Cross+of+Iron&primary_release_year=1977,
Grand Illusion,1937,https://boxd.it/29Ei,unique_exact_title_year,movie,777,https://www.themoviedb.org/movie/777,https://api.themoviedb.org/3/search/movie?query=Grand+Illusion&primary_release_year=1937,
Le Silence de la mer,1949,https://boxd.it/11g6,unique_exact_title_year,movie,40650,https://www.themoviedb.org/movie/40650,https://api.themoviedb.org/3/search/movie?query=Le+Silence+de+la+mer&primary_release_year=1949,
J'Accuse,1938,https://boxd.it/4g46,unique_exact_title_year,movie,130633,https://www.themoviedb.org/movie/130633,https://api.themoviedb.org/3/search/movie?query=J%27Accuse&primary_release_year=1938,
Days of Glory,2006,https://boxd.it/27CO,unique_exact_title_year,movie,2016,https://www.themoviedb.org/movie/2016,https://api.themoviedb.org/3/search/movie?query=Days+of+Glory&primary_release_year=2006,
Threads,1984,https://boxd.it/1I0g,unique_exact_title_year,movie,17835,https://www.themoviedb.org/movie/17835,https://api.themoviedb.org/3/search/movie?query=Threads&primary_release_year=1984,
Stalingrad,1993,https://boxd.it/1UDu,unique_exact_title_year,movie,11101,https://www.themoviedb.org/movie/11101,https://api.themoviedb.org/3/search/movie?query=Stalingrad&primary_release_year=1993,
Zulu,1964,https://boxd.it/1O6Y,unique_exact_title_year,movie,14433,https://www.themoviedb.org/movie/14433,https://api.themoviedb.org/3/search/movie?query=Zulu&primary_release_year=1964,
Troy,2004,https://boxd.it/29TW,unique_exact_title_year,movie,652,https://www.themoviedb.org/movie/652,https://api.themoviedb.org/3/search/movie?query=Troy&primary_release_year=2004,
300,2006,https://boxd.it/28XI,letterboxd_link_api_checked,movie,1271,https://www.themoviedb.org/movie/1271,https://letterboxd.com/film/300/,
Caligula,1979,https://boxd.it/1YDS,unique_exact_title_year,movie,9453,https://www.themoviedb.org/movie/9453,https://api.themoviedb.org/3/search/movie?query=Caligula&primary_release_year=1979,
"Aguirre, the Wrath of God",1972,https://boxd.it/27Fe,unique_exact_title_year,movie,2000,https://www.themoviedb.org/movie/2000,https://api.themoviedb.org/3/search/movie?query=Aguirre%2C+the+Wrath+of+God&primary_release_year=1972,
Doctor Zhivago,1965,https://boxd.it/29jk,unique_exact_title_year,movie,907,https://www.themoviedb.org/movie/907,https://api.themoviedb.org/3/search/movie?query=Doctor+Zhivago&primary_release_year=1965,
Spartacus,1960,https://boxd.it/29bq,unique_exact_title_year,movie,967,https://www.themoviedb.org/movie/967,https://api.themoviedb.org/3/search/movie?query=Spartacus&primary_release_year=1960,
The Evil Dead,1981,https://boxd.it/29Go,letterboxd_link_api_checked,movie,764,https://www.themoviedb.org/movie/764,https://letterboxd.com/film/the-evil-dead/,
Army of Darkness,1992,https://boxd.it/29G4,unique_exact_title_year,movie,766,https://www.themoviedb.org/movie/766,https://api.themoviedb.org/3/search/movie?query=Army+of+Darkness&primary_release_year=1992,
The Fog,1980,https://boxd.it/29Cc,unique_exact_title_year,movie,790,https://www.themoviedb.org/movie/790,https://api.themoviedb.org/3/search/movie?query=The+Fog&primary_release_year=1980,
Blood from the Mummy's Tomb,1971,https://boxd.it/1464,unique_exact_title_year,movie,39263,https://www.themoviedb.org/movie/39263,https://api.themoviedb.org/3/search/movie?query=Blood+from+the+Mummy%27s+Tomb&primary_release_year=1971,
Color Out of Space,2019,https://boxd.it/k1HY,letterboxd_link_api_checked,movie,548473,https://www.themoviedb.org/movie/548473,https://letterboxd.com/film/color-out-of-space/,
The Crow,1994,https://boxd.it/1Yxq,unique_exact_title_year,movie,9495,https://www.themoviedb.org/movie/9495,https://api.themoviedb.org/3/search/movie?query=The+Crow&primary_release_year=1994,
Le Corbeau,1943,https://boxd.it/1ofg,unique_exact_title_year,movie,29084,https://www.themoviedb.org/movie/29084,https://api.themoviedb.org/3/search/movie?query=Le+Corbeau&primary_release_year=1943,
Blood and Black Lace,1964,https://boxd.it/1qme,unique_exact_title_year,movie,28055,https://www.themoviedb.org/movie/28055,https://api.themoviedb.org/3/search/movie?query=Blood+and+Black+Lace&primary_release_year=1964,
The Lovers of Montparnasse,1958,https://boxd.it/2O4A,unique_exact_title_year,movie,80470,https://www.themoviedb.org/movie/80470,https://api.themoviedb.org/3/search/movie?query=The+Lovers+of+Montparnasse&primary_release_year=1958,
Marie-Octobre,1959,https://boxd.it/2Ess,unique_exact_title_year,movie,76777,https://www.themoviedb.org/movie/76777,https://api.themoviedb.org/3/search/movie?query=Marie-Octobre&primary_release_year=1959,
Elevator to the Gallows,1958,https://boxd.it/294u,unique_exact_title_year,movie,1093,https://www.themoviedb.org/movie/1093,https://api.themoviedb.org/3/search/movie?query=Elevator+to+the+Gallows&primary_release_year=1958,
Lady Vengeance,2005,https://boxd.it/248G,unique_exact_title_year,movie,4550,https://www.themoviedb.org/movie/4550,https://api.themoviedb.org/3/search/movie?query=Lady+Vengeance&primary_release_year=2005,
Sympathy for Mr. Vengeance,2002,https://boxd.it/23WU,unique_exact_title_year,movie,4689,https://www.themoviedb.org/movie/4689,https://api.themoviedb.org/3/search/movie?query=Sympathy+for+Mr.+Vengeance&primary_release_year=2002,
"Crouching Tiger, Hidden Dragon",2000,https://boxd.it/2b1M,unique_exact_title_year,movie,146,https://www.themoviedb.org/movie/146,https://api.themoviedb.org/3/search/movie?query=Crouching+Tiger%2C+Hidden+Dragon&primary_release_year=2000,
Hero,2002,https://boxd.it/2bcq,unique_exact_title_year,movie,79,https://www.themoviedb.org/movie/79,https://api.themoviedb.org/3/search/movie?query=Hero&primary_release_year=2002,
House of Flying Daggers,2004,https://boxd.it/1YoI,unique_exact_title_year,movie,9550,https://www.themoviedb.org/movie/9550,https://api.themoviedb.org/3/search/movie?query=House+of+Flying+Daggers&primary_release_year=2004,
E.T. the Extra-Terrestrial,1982,https://boxd.it/2a1G,unique_exact_title_year,movie,601,https://www.themoviedb.org/movie/601,https://api.themoviedb.org/3/search/movie?query=E.T.+the+Extra-Terrestrial&primary_release_year=1982,
WarGames,1983,https://boxd.it/29qU,unique_exact_title_year,movie,860,https://www.themoviedb.org/movie/860,https://api.themoviedb.org/3/search/movie?query=WarGames&primary_release_year=1983,
Elvira: Mistress of the Dark,1988,https://boxd.it/22LG,unique_exact_title_year,movie,5680,https://www.themoviedb.org/movie/5680,https://api.themoviedb.org/3/search/movie?query=Elvira%3A+Mistress+of+the+Dark&primary_release_year=1988,
Gremlins,1984,https://boxd.it/29gg,unique_exact_title_year,movie,927,https://www.themoviedb.org/movie/927,https://api.themoviedb.org/3/search/movie?query=Gremlins&primary_release_year=1984,
Weird Science,1985,https://boxd.it/1T1O,unique_exact_title_year,movie,11814,https://www.themoviedb.org/movie/11814,https://api.themoviedb.org/3/search/movie?query=Weird+Science&primary_release_year=1985,
The Lost Boys,1987,https://boxd.it/28DI,unique_exact_title_year,movie,1547,https://www.themoviedb.org/movie/1547,https://api.themoviedb.org/3/search/movie?query=The+Lost+Boys&primary_release_year=1987,
L.A. Confidential,1997,https://boxd.it/27oC,unique_exact_title_year,movie,2118,https://www.themoviedb.org/movie/2118,https://api.themoviedb.org/3/search/movie?query=L.A.+Confidential&primary_release_year=1997,
Carlito's Way,1993,https://boxd.it/226e,unique_exact_title_year,movie,6075,https://www.themoviedb.org/movie/6075,https://api.themoviedb.org/3/search/movie?query=Carlito%27s+Way&primary_release_year=1993,
Mesrine: Public Enemy #1,2008,https://boxd.it/1Mo2,unique_exact_title_year,movie,15362,https://www.themoviedb.org/movie/15362,https://api.themoviedb.org/3/search/movie?query=Mesrine%3A+Public+Enemy+%231&primary_release_year=2008,
Mesrine: Killer Instinct,2008,https://boxd.it/1PKA,unique_exact_title_year,movie,13635,https://www.themoviedb.org/movie/13635,https://api.themoviedb.org/3/search/movie?query=Mesrine%3A+Killer+Instinct&primary_release_year=2008,
The French Connection,1971,https://boxd.it/296g,unique_exact_title_year,movie,1051,https://www.themoviedb.org/movie/1051,https://api.themoviedb.org/3/search/movie?query=The+French+Connection&primary_release_year=1971,
Twelve Monkeys,1995,https://boxd.it/2beQ,unique_exact_title_year,movie,63,https://www.themoviedb.org/movie/63,https://api.themoviedb.org/3/search/movie?query=Twelve+Monkeys&primary_release_year=1995,
The Chronicles of Riddick,2004,https://boxd.it/26iy,unique_exact_title_year,movie,2789,https://www.themoviedb.org/movie/2789,https://api.themoviedb.org/3/search/movie?query=The+Chronicles+of+Riddick&primary_release_year=2004,
Pitch Black,2000,https://boxd.it/26iS,unique_exact_title_year,movie,2787,https://www.themoviedb.org/movie/2787,https://api.themoviedb.org/3/search/movie?query=Pitch+Black&primary_release_year=2000,
Moon,2009,https://boxd.it/1IGQ,unique_exact_title_year,movie,17431,https://www.themoviedb.org/movie/17431,https://api.themoviedb.org/3/search/movie?query=Moon&primary_release_year=2009,
Escape from New York,1981,https://boxd.it/294k,unique_exact_title_year,movie,1103,https://www.themoviedb.org/movie/1103,https://api.themoviedb.org/3/search/movie?query=Escape+from+New+York&primary_release_year=1981,
Prey,2022,https://boxd.it/sNBU,letterboxd_link_api_checked,movie,766507,https://www.themoviedb.org/movie/766507,https://letterboxd.com/film/prey-2022/,
The Predator,2018,https://boxd.it/bDw2,unique_exact_title_year,movie,346910,https://www.themoviedb.org/movie/346910,https://api.themoviedb.org/3/search/movie?query=The+Predator&primary_release_year=2018,
Predator 2,1990,https://boxd.it/2aY4,unique_exact_title_year,movie,169,https://www.themoviedb.org/movie/169,https://api.themoviedb.org/3/search/movie?query=Predator+2&primary_release_year=1990,
Predators,2010,https://boxd.it/1d9m,unique_exact_title_year,movie,34851,https://www.themoviedb.org/movie/34851,https://api.themoviedb.org/3/search/movie?query=Predators&primary_release_year=2010,
Kindergarten Cop,1990,https://boxd.it/29dm,unique_exact_title_year,movie,951,https://www.themoviedb.org/movie/951,https://api.themoviedb.org/3/search/movie?query=Kindergarten+Cop&primary_release_year=1990,
Lethal Weapon,1987,https://boxd.it/29e0,unique_exact_title_year,movie,941,https://www.themoviedb.org/movie/941,https://api.themoviedb.org/3/search/movie?query=Lethal+Weapon&primary_release_year=1987,
Terminator: Dark Fate,2019,https://boxd.it/96YI,unique_exact_title_year,movie,290859,https://www.themoviedb.org/movie/290859,https://api.themoviedb.org/3/search/movie?query=Terminator%3A+Dark+Fate&primary_release_year=2019,
Terminator 3: Rise of the Machines,2003,https://boxd.it/2aES,unique_exact_title_year,movie,296,https://www.themoviedb.org/movie/296,https://api.themoviedb.org/3/search/movie?query=Terminator+3%3A+Rise+of+the+Machines&primary_release_year=2003,
Terminator Salvation,2009,https://boxd.it/2abQ,unique_exact_title_year,movie,534,https://www.themoviedb.org/movie/534,https://api.themoviedb.org/3/search/movie?query=Terminator+Salvation&primary_release_year=2009,
Terminator Genisys,2015,https://boxd.it/35s0,unique_exact_title_year,movie,87101,https://www.themoviedb.org/movie/87101,https://api.themoviedb.org/3/search/movie?query=Terminator+Genisys&primary_release_year=2015,
Commando,1985,https://boxd.it/1UTs,unique_exact_title_year,movie,10999,https://www.themoviedb.org/movie/10999,https://api.themoviedb.org/3/search/movie?query=Commando&primary_release_year=1985,
Red Sonja,1985,https://boxd.it/1YcC,unique_exact_title_year,movie,9626,https://www.themoviedb.org/movie/9626,https://api.themoviedb.org/3/search/movie?query=Red+Sonja&primary_release_year=1985,
Rambo,2008,https://boxd.it/20Pc,unique_exact_title_year,movie,7555,https://www.themoviedb.org/movie/7555,https://api.themoviedb.org/3/search/movie?query=Rambo&primary_release_year=2008,
Rambo: First Blood Part II,1985,https://boxd.it/28TQ,unique_exact_title_year,movie,1369,https://www.themoviedb.org/movie/1369,https://api.themoviedb.org/3/search/movie?query=Rambo%3A+First+Blood+Part+II&primary_release_year=1985,
Rambo III,1988,https://boxd.it/28TG,unique_exact_title_year,movie,1370,https://www.themoviedb.org/movie/1370,https://api.themoviedb.org/3/search/movie?query=Rambo+III&primary_release_year=1988,
The Running Man,1987,https://boxd.it/29q6,letterboxd_link_api_checked,movie,865,https://www.themoviedb.org/movie/865,https://letterboxd.com/film/the-running-man/,
El Mariachi,1992,https://boxd.it/1YRq,letterboxd_link_api_checked,movie,9367,https://www.themoviedb.org/movie/9367,https://letterboxd.com/film/el-mariachi/,
Desperado,1995,https://boxd.it/20Bk,unique_exact_title_year,movie,8068,https://www.themoviedb.org/movie/8068,https://api.themoviedb.org/3/search/movie?query=Desperado&primary_release_year=1995,
Once Upon a Time in Mexico,2003,https://boxd.it/28LM,unique_exact_title_year,movie,1428,https://www.themoviedb.org/movie/1428,https://api.themoviedb.org/3/search/movie?query=Once+Upon+a+Time+in+Mexico&primary_release_year=2003,
Universal Soldier,1992,https://boxd.it/1YUa,unique_exact_title_year,movie,9349,https://www.themoviedb.org/movie/9349,https://api.themoviedb.org/3/search/movie?query=Universal+Soldier&primary_release_year=1992,
Life of Brian,1979,https://boxd.it/2a4q,unique_exact_title_year,movie,583,https://www.themoviedb.org/movie/583,https://api.themoviedb.org/3/search/movie?query=Life+of+Brian&primary_release_year=1979,
Carry On Emmannuelle,1978,https://boxd.it/1dlW,unique_exact_title_year,movie,34743,https://www.themoviedb.org/movie/34743,https://api.themoviedb.org/3/search/movie?query=Carry+On+Emmannuelle&primary_release_year=1978,
Fear and Loathing in Las Vegas,1998,https://boxd.it/27Xs,unique_exact_title_year,movie,1878,https://www.themoviedb.org/movie/1878,https://api.themoviedb.org/3/search/movie?query=Fear+and+Loathing+in+Las+Vegas&primary_release_year=1998,
Animal House,1978,https://boxd.it/2062,unique_exact_title_year,movie,8469,https://www.themoviedb.org/movie/8469,https://api.themoviedb.org/3/search/movie?query=Animal+House&primary_release_year=1978,
Top Secret!,1984,https://boxd.it/1ZSE,unique_exact_title_year,movie,8764,https://www.themoviedb.org/movie/8764,https://api.themoviedb.org/3/search/movie?query=Top+Secret%21&primary_release_year=1984,
Bad Santa,2003,https://boxd.it/1WYk,unique_exact_title_year,movie,10147,https://www.themoviedb.org/movie/10147,https://api.themoviedb.org/3/search/movie?query=Bad+Santa&primary_release_year=2003,
Contempt,1963,https://boxd.it/2aJe,unique_exact_title_year,movie,266,https://www.themoviedb.org/movie/266,https://api.themoviedb.org/3/search/movie?query=Contempt&primary_release_year=1963,
The Truth,1960,https://boxd.it/d3Q,unique_exact_title_year,movie,61711,https://www.themoviedb.org/movie/61711,https://api.themoviedb.org/3/search/movie?query=The+Truth&primary_release_year=1960,
Point Blank,2010,https://boxd.it/dP6,unique_exact_title_year,movie,61404,https://www.themoviedb.org/movie/61404,https://api.themoviedb.org/3/search/movie?query=Point+Blank&primary_release_year=2010,
A Very Long Engagement,2004,https://boxd.it/26dy,unique_exact_title_year,movie,2841,https://www.themoviedb.org/movie/2841,https://api.themoviedb.org/3/search/movie?query=A+Very+Long+Engagement&primary_release_year=2004,
Blue Is the Warmest Color,2013,https://boxd.it/4O40,unique_exact_title_year,movie,152584,https://www.themoviedb.org/movie/152584,https://api.themoviedb.org/3/search/movie?query=Blue+Is+the+Warmest+Color&primary_release_year=2013,
L'Argent,1983,https://boxd.it/XIg,unique_exact_title_year,movie,42112,https://www.themoviedb.org/movie/42112,https://api.themoviedb.org/3/search/movie?query=L%27Argent&primary_release_year=1983,
Double Lover,2017,https://boxd.it/g7ay,unique_exact_title_year,movie,451955,https://www.themoviedb.org/movie/451955,https://api.themoviedb.org/3/search/movie?query=Double+Lover&primary_release_year=2017,
Subway,1985,https://boxd.it/1VIg,unique_exact_title_year,movie,10656,https://www.themoviedb.org/movie/10656,https://api.themoviedb.org/3/search/movie?query=Subway&primary_release_year=1985,
Nikita,1990,https://boxd.it/1YYm,unique_exact_title_year,movie,9322,https://www.themoviedb.org/movie/9322,https://api.themoviedb.org/3/search/movie?query=Nikita&primary_release_year=1990,
Baise-moi,2000,https://boxd.it/25Fc,unique_exact_title_year,movie,3134,https://www.themoviedb.org/movie/3134,https://api.themoviedb.org/3/search/movie?query=Baise-moi&primary_release_year=2000,
The Way Back,2010,https://boxd.it/H5C,unique_exact_title_year,movie,49009,https://www.themoviedb.org/movie/49009,https://api.themoviedb.org/3/search/movie?query=The+Way+Back&primary_release_year=2010,
Duel,1971,https://boxd.it/29ui,unique_exact_title_year,movie,839,https://www.themoviedb.org/movie/839,https://api.themoviedb.org/3/search/movie?query=Duel&primary_release_year=1971,
Apocalypto,2006,https://boxd.it/28yy,unique_exact_title_year,movie,1579,https://www.themoviedb.org/movie/1579,https://api.themoviedb.org/3/search/movie?query=Apocalypto&primary_release_year=2006,
Smokey and the Bandit,1977,https://boxd.it/1USk,unique_exact_title_year,movie,11006,https://www.themoviedb.org/movie/11006,https://api.themoviedb.org/3/search/movie?query=Smokey+and+the+Bandit&primary_release_year=1977,
Above the Law,1988,https://boxd.it/1YN4,unique_exact_title_year,movie,9395,https://www.themoviedb.org/movie/9395,https://api.themoviedb.org/3/search/movie?query=Above+the+Law&primary_release_year=1988,
Out for Justice,1991,https://boxd.it/1Ofw,unique_exact_title_year,movie,14362,https://www.themoviedb.org/movie/14362,https://api.themoviedb.org/3/search/movie?query=Out+for+Justice&primary_release_year=1991,
Demolition Man,1993,https://boxd.it/1XVm,unique_exact_title_year,movie,9739,https://www.themoviedb.org/movie/9739,https://api.themoviedb.org/3/search/movie?query=Demolition+Man&primary_release_year=1993,
Helltrain,1977,https://boxd.it/3ffK,unique_exact_title_year,movie,92810,https://www.themoviedb.org/movie/92810,https://api.themoviedb.org/3/search/movie?query=Helltrain&primary_release_year=1977,
The Sensuous Teenager,1971,https://boxd.it/3DL6,unique_exact_title_year,movie,107767,https://www.themoviedb.org/movie/107767,https://api.themoviedb.org/3/search/movie?query=The+Sensuous+Teenager&primary_release_year=1971,
Emmanuelle,1974,https://boxd.it/1xJa,unique_exact_title_year,movie,24402,https://www.themoviedb.org/movie/24402,https://api.themoviedb.org/3/search/movie?query=Emmanuelle&primary_release_year=1974,
Salon Kitty,1976,https://boxd.it/11UA,unique_exact_title_year,movie,40394,https://www.themoviedb.org/movie/40394,https://api.themoviedb.org/3/search/movie?query=Salon+Kitty&primary_release_year=1976,
The Key,1983,https://boxd.it/1pwM,letterboxd_link_api_checked,movie,28468,https://www.themoviedb.org/movie/28468,https://letterboxd.com/film/the-key-1983/,
The Case of the Bloody Iris,1972,https://boxd.it/1o3E,unique_exact_title_year,movie,29167,https://www.themoviedb.org/movie/29167,https://api.themoviedb.org/3/search/movie?query=The+Case+of+the+Bloody+Iris&primary_release_year=1972,
Fascination,1979,https://boxd.it/1ncU,unique_exact_title_year,movie,29562,https://www.themoviedb.org/movie/29562,https://api.themoviedb.org/3/search/movie?query=Fascination&primary_release_year=1979,
Requiem for a Vampire,1972,https://boxd.it/1obo,unique_exact_title_year,movie,29111,https://www.themoviedb.org/movie/29111,https://api.themoviedb.org/3/search/movie?query=Requiem+for+a+Vampire&primary_release_year=1972,
Ms .45,1981,https://boxd.it/1AWG,unique_exact_title_year,movie,22171,https://www.themoviedb.org/movie/22171,https://api.themoviedb.org/3/search/movie?query=Ms+.45&primary_release_year=1981,
Age of Consent,1969,https://boxd.it/Gzm,unique_exact_title_year,movie,49225,https://www.themoviedb.org/movie/49225,https://api.themoviedb.org/3/search/movie?query=Age+of+Consent&primary_release_year=1969,
Naked Sex,1973,https://boxd.it/lfGi,unique_exact_title_year,movie,578405,https://www.themoviedb.org/movie/578405,https://api.themoviedb.org/3/search/movie?query=Naked+Sex&primary_release_year=1973,
Vixen!,1968,https://boxd.it/22H0,unique_exact_title_year,movie,5721,https://www.themoviedb.org/movie/5721,https://api.themoviedb.org/3/search/movie?query=Vixen%21&primary_release_year=1968,
Confessions of a Pop Performer,1975,https://boxd.it/1d5E,unique_exact_title_year,movie,34905,https://www.themoviedb.org/movie/34905,https://api.themoviedb.org/3/search/movie?query=Confessions+of+a+Pop+Performer&primary_release_year=1975,
English Education,1983,https://boxd.it/6wK2,unique_exact_title_year,movie,219811,https://www.themoviedb.org/movie/219811,https://api.themoviedb.org/3/search/movie?query=English+Education&primary_release_year=1983,
Dressage,1986,https://boxd.it/3tuu,unique_exact_title_year,movie,101875,https://www.themoviedb.org/movie/101875,https://api.themoviedb.org/3/search/movie?query=Dressage&primary_release_year=1986,
Carry On Doctor,1967,https://boxd.it/23oI,unique_exact_title_year,movie,5064,https://www.themoviedb.org/movie/5064,https://api.themoviedb.org/3/search/movie?query=Carry+On+Doctor&primary_release_year=1967,
Carry On Cowboy,1965,https://boxd.it/23oy,unique_exact_title_year,movie,5065,https://www.themoviedb.org/movie/5065,https://api.themoviedb.org/3/search/movie?query=Carry+On+Cowboy&primary_release_year=1965,
The Pink Panther,1963,https://boxd.it/29eO,unique_exact_title_year,movie,936,https://www.themoviedb.org/movie/936,https://api.themoviedb.org/3/search/movie?query=The+Pink+Panther&primary_release_year=1963,
A Shot in the Dark,1964,https://boxd.it/28w8,unique_exact_title_year,movie,1594,https://www.themoviedb.org/movie/1594,https://api.themoviedb.org/3/search/movie?query=A+Shot+in+the+Dark&primary_release_year=1964,
Thunderball,1965,https://boxd.it/29SE,unique_exact_title_year,movie,660,https://www.themoviedb.org/movie/660,https://api.themoviedb.org/3/search/movie?query=Thunderball&primary_release_year=1965,
Unforgiven,1992,https://boxd.it/6Z4,unique_exact_title_year,movie,33,https://www.themoviedb.org/movie/33,https://api.themoviedb.org/3/search/movie?query=Unforgiven&primary_release_year=1992,
The Mule,2018,https://boxd.it/idcY,unique_exact_title_year,movie,504172,https://www.themoviedb.org/movie/504172,https://api.themoviedb.org/3/search/movie?query=The+Mule&primary_release_year=2018,
The Birds,1963,https://boxd.it/2a6m,unique_exact_title_year,movie,571,https://www.themoviedb.org/movie/571,https://api.themoviedb.org/3/search/movie?query=The+Birds&primary_release_year=1963,
Alien³,1992,https://boxd.it/20zS,unique_exact_title_year,movie,8077,https://www.themoviedb.org/movie/8077,https://api.themoviedb.org/3/search/movie?query=Alien%C2%B3&primary_release_year=1992,
Alien Resurrection,1997,https://boxd.it/20zI,unique_exact_title_year,movie,8078,https://www.themoviedb.org/movie/8078,https://api.themoviedb.org/3/search/movie?query=Alien+Resurrection&primary_release_year=1997,
Prometheus,2012,https://boxd.it/2s9e,letterboxd_link_api_checked,movie,70981,https://www.themoviedb.org/movie/70981,https://letterboxd.com/film/prometheus/,
Alien: Covenant,2017,https://boxd.it/49UY,unique_exact_title_year,movie,126889,https://www.themoviedb.org/movie/126889,https://api.themoviedb.org/3/search/movie?query=Alien%3A+Covenant&primary_release_year=2017,
Doom,2005,https://boxd.it/1ZOW,unique_exact_title_year,movie,8814,https://www.themoviedb.org/movie/8814,https://api.themoviedb.org/3/search/movie?query=Doom&primary_release_year=2005,
Avatar,2009,https://boxd.it/1Efm,unique_exact_title_year,movie,19995,https://www.themoviedb.org/movie/19995,https://api.themoviedb.org/3/search/movie?query=Avatar&primary_release_year=2009,
Let Joy Reign Supreme,1975,https://boxd.it/2DGI,unique_exact_title_year,movie,76482,https://www.themoviedb.org/movie/76482,https://api.themoviedb.org/3/search/movie?query=Let+Joy+Reign+Supreme&primary_release_year=1975,
Coup de Torchon,1981,https://boxd.it/1bUA,unique_exact_title_year,movie,35797,https://www.themoviedb.org/movie/35797,https://api.themoviedb.org/3/search/movie?query=Coup+de+Torchon&primary_release_year=1981,
It All Starts Today,1999,https://boxd.it/1hnM,unique_exact_title_year,movie,32273,https://www.themoviedb.org/movie/32273,https://api.themoviedb.org/3/search/movie?query=It+All+Starts+Today&primary_release_year=1999,
L.627,1992,https://boxd.it/12Nq,unique_exact_title_year,movie,39967,https://www.themoviedb.org/movie/39967,https://api.themoviedb.org/3/search/movie?query=L.627&primary_release_year=1992,
Safe Conduct,2002,https://boxd.it/2tvK,unique_exact_title_year,movie,70443,https://www.themoviedb.org/movie/70443,https://api.themoviedb.org/3/search/movie?query=Safe+Conduct&primary_release_year=2002,
A Cop,1972,https://boxd.it/W8G,letterboxd_link_api_checked,movie,42741,https://www.themoviedb.org/movie/42741,https://letterboxd.com/film/a-cop-1972/,
Le Cercle Rouge,1970,https://boxd.it/1Tjy,unique_exact_title_year,movie,11657,https://www.themoviedb.org/movie/11657,https://api.themoviedb.org/3/search/movie?query=Le+Cercle+Rouge&primary_release_year=1970,
Bob le Flambeur,1956,https://boxd.it/1uC6,unique_exact_title_year,movie,26030,https://www.themoviedb.org/movie/26030,https://api.themoviedb.org/3/search/movie?query=Bob+le+Flambeur&primary_release_year=1956,
Le Doulos,1962,https://boxd.it/1CVg,unique_exact_title_year,movie,20778,https://www.themoviedb.org/movie/20778,https://api.themoviedb.org/3/search/movie?query=Le+Doulos&primary_release_year=1962,
"Léon Morin, Priest",1961,https://boxd.it/5O0,unique_exact_title_year,movie,63892,https://www.themoviedb.org/movie/63892,https://api.themoviedb.org/3/search/movie?query=L%C3%A9on+Morin%2C+Priest&primary_release_year=1961,
The Milky Way,1969,https://boxd.it/1cVk,unique_exact_title_year,movie,35031,https://www.themoviedb.org/movie/35031,https://api.themoviedb.org/3/search/movie?query=The+Milky+Way&primary_release_year=1969,
Diary of a Chambermaid,1964,https://boxd.it/1aZY,unique_exact_title_year,movie,36245,https://www.themoviedb.org/movie/36245,https://api.themoviedb.org/3/search/movie?query=Diary+of+a+Chambermaid&primary_release_year=1964,
Belle de Jour,1967,https://boxd.it/29Uq,unique_exact_title_year,movie,649,https://www.themoviedb.org/movie/649,https://api.themoviedb.org/3/search/movie?query=Belle+de+Jour&primary_release_year=1967,
The Discreet Charm of the Bourgeoisie,1972,https://boxd.it/2440,unique_exact_title_year,movie,4593,https://www.themoviedb.org/movie/4593,https://api.themoviedb.org/3/search/movie?query=The+Discreet+Charm+of+the+Bourgeoisie&primary_release_year=1972,
Tristana,1970,https://boxd.it/1bPg,unique_exact_title_year,movie,35838,https://www.themoviedb.org/movie/35838,https://api.themoviedb.org/3/search/movie?query=Tristana&primary_release_year=1970,
High and Low,1963,https://boxd.it/1RSc,unique_exact_title_year,movie,12493,https://www.themoviedb.org/movie/12493,https://api.themoviedb.org/3/search/movie?query=High+and+Low&primary_release_year=1963,
Coffy,1973,https://boxd.it/1Bao,unique_exact_title_year,movie,22021,https://www.themoviedb.org/movie/22021,https://api.themoviedb.org/3/search/movie?query=Coffy&primary_release_year=1973,
That Obscure Object of Desire,1977,https://boxd.it/22zg,unique_exact_title_year,movie,5781,https://www.themoviedb.org/movie/5781,https://api.themoviedb.org/3/search/movie?query=That+Obscure+Object+of+Desire&primary_release_year=1977,
Hell Ride,2008,https://boxd.it/1QsC,unique_exact_title_year,movie,13300,https://www.themoviedb.org/movie/13300,https://api.themoviedb.org/3/search/movie?query=Hell+Ride&primary_release_year=2008,
Blazing Saddles,1974,https://boxd.it/1UHQ,unique_exact_title_year,movie,11072,https://www.themoviedb.org/movie/11072,https://api.themoviedb.org/3/search/movie?query=Blazing+Saddles&primary_release_year=1974,
The Sorrow and the Pity,1969,https://boxd.it/NFgQ,letterboxd_link_api_checked,tv,128062,https://www.themoviedb.org/tv/128062,https://letterboxd.com/film/the-sorrow-and-the-pity-1969/,
Psycho II,1983,https://boxd.it/1VUQ,unique_exact_title_year,movie,10576,https://www.themoviedb.org/movie/10576,https://api.themoviedb.org/3/search/movie?query=Psycho+II&primary_release_year=1983,
A French Mistress,1960,https://boxd.it/4mmq,unique_exact_title_year,movie,135065,https://www.themoviedb.org/movie/135065,https://api.themoviedb.org/3/search/movie?query=A+French+Mistress&primary_release_year=1960,
Brief Encounter,1945,https://boxd.it/29sm,unique_exact_title_year,movie,851,https://www.themoviedb.org/movie/851,https://api.themoviedb.org/3/search/movie?query=Brief+Encounter&primary_release_year=1945,
Tremors,1990,https://boxd.it/1YSe,unique_exact_title_year,movie,9362,https://www.themoviedb.org/movie/9362,https://api.themoviedb.org/3/search/movie?query=Tremors&primary_release_year=1990,
Rear Window,1954,https://boxd.it/2a6Q,unique_exact_title_year,movie,567,https://www.themoviedb.org/movie/567,https://api.themoviedb.org/3/search/movie?query=Rear+Window&primary_release_year=1954,
Pride and Prejudice and Zombies,2016,https://boxd.it/kp0,unique_exact_title_year,movie,58431,https://www.themoviedb.org/movie/58431,https://api.themoviedb.org/3/search/movie?query=Pride+and+Prejudice+and+Zombies&primary_release_year=2016,
Beyond the Valley of the Dolls,1970,https://boxd.it/22GQ,unique_exact_title_year,movie,5722,https://www.themoviedb.org/movie/5722,https://api.themoviedb.org/3/search/movie?query=Beyond+the+Valley+of+the+Dolls&primary_release_year=1970,
Foxy Brown,1974,https://boxd.it/1B8i,unique_exact_title_year,movie,22048,https://www.themoviedb.org/movie/22048,https://api.themoviedb.org/3/search/movie?query=Foxy+Brown&primary_release_year=1974,
Hollow Man,2000,https://boxd.it/1YP0,unique_exact_title_year,movie,9383,https://www.themoviedb.org/movie/9383,https://api.themoviedb.org/3/search/movie?query=Hollow+Man&primary_release_year=2000,
Flash Gordon,1980,https://boxd.it/257a,unique_exact_title_year,movie,3604,https://www.themoviedb.org/movie/3604,https://api.themoviedb.org/3/search/movie?query=Flash+Gordon&primary_release_year=1980,
Split Second,1992,https://boxd.it/1R2q,unique_exact_title_year,movie,13006,https://www.themoviedb.org/movie/13006,https://api.themoviedb.org/3/search/movie?query=Split+Second&primary_release_year=1992,
Face/Off,1997,https://boxd.it/29I0,unique_exact_title_year,movie,754,https://www.themoviedb.org/movie/754,https://api.themoviedb.org/3/search/movie?query=Face%2FOff&primary_release_year=1997,
Class of 1999,1990,https://boxd.it/1z5w,unique_exact_title_year,movie,23535,https://www.themoviedb.org/movie/23535,https://api.themoviedb.org/3/search/movie?query=Class+of+1999&primary_release_year=1990,
Cold War,2018,https://boxd.it/fEoc,unique_exact_title_year,movie,440298,https://www.themoviedb.org/movie/440298,https://api.themoviedb.org/3/search/movie?query=Cold+War&primary_release_year=2018,
Black Sheep,2006,https://boxd.it/257k,letterboxd_link_api_checked,movie,3603,https://www.themoviedb.org/movie/3603,https://letterboxd.com/film/black-sheep-2006/,
Cleopatra,1963,https://boxd.it/20xM,unique_exact_title_year,movie,8095,https://www.themoviedb.org/movie/8095,https://api.themoviedb.org/3/search/movie?query=Cleopatra&primary_release_year=1963,
Jean de Florette,1986,https://boxd.it/24gK,unique_exact_title_year,movie,4480,https://www.themoviedb.org/movie/4480,https://api.themoviedb.org/3/search/movie?query=Jean+de+Florette&primary_release_year=1986,
Dune,1984,https://boxd.it/29tY,unique_exact_title_year,movie,841,https://www.themoviedb.org/movie/841,https://api.themoviedb.org/3/search/movie?query=Dune&primary_release_year=1984,
2010: The Year We Make Contact,1984,https://boxd.it/24lK,letterboxd_link_api_checked,movie,4437,https://www.themoviedb.org/movie/4437,https://letterboxd.com/film/2010-1984/,
Jojo Rabbit,2019,https://boxd.it/iEBG,unique_exact_title_year,movie,515001,https://www.themoviedb.org/movie/515001,https://api.themoviedb.org/3/search/movie?query=Jojo+Rabbit&primary_release_year=2019,
Spaceballs,1987,https://boxd.it/29cy,unique_exact_title_year,movie,957,https://www.themoviedb.org/movie/957,https://api.themoviedb.org/3/search/movie?query=Spaceballs&primary_release_year=1987,
Manon of the Spring,1986,https://boxd.it/24gA,unique_exact_title_year,movie,4481,https://www.themoviedb.org/movie/4481,https://api.themoviedb.org/3/search/movie?query=Manon+of+the+Spring&primary_release_year=1986,
Evil Dead,2013,https://boxd.it/3GPq,unique_exact_title_year,movie,109428,https://www.themoviedb.org/movie/109428,https://api.themoviedb.org/3/search/movie?query=Evil+Dead&primary_release_year=2013,
Miami Vice,2006,https://boxd.it/2bbW,unique_exact_title_year,movie,82,https://www.themoviedb.org/movie/82,https://api.themoviedb.org/3/search/movie?query=Miami+Vice&primary_release_year=2006,
Embrace of the Serpent,2015,https://boxd.it/baba,unique_exact_title_year,movie,336808,https://www.themoviedb.org/movie/336808,https://api.themoviedb.org/3/search/movie?query=Embrace+of+the+Serpent&primary_release_year=2015,
Carry On Abroad,1972,https://boxd.it/1Fqg,unique_exact_title_year,movie,19252,https://www.themoviedb.org/movie/19252,https://api.themoviedb.org/3/search/movie?query=Carry+On+Abroad&primary_release_year=1972,
Cemetery Man,1994,https://boxd.it/1BES,unique_exact_title_year,movie,21588,https://www.themoviedb.org/movie/21588,https://api.themoviedb.org/3/search/movie?query=Cemetery+Man&primary_release_year=1994,
J'Accuse,1919,https://boxd.it/2sBC,unique_exact_title_year,movie,70804,https://www.themoviedb.org/movie/70804,https://api.themoviedb.org/3/search/movie?query=J%27Accuse&primary_release_year=1919,
The Grand Budapest Hotel,2014,https://boxd.it/3ZqO,unique_exact_title_year,movie,120467,https://www.themoviedb.org/movie/120467,https://api.themoviedb.org/3/search/movie?query=The+Grand+Budapest+Hotel&primary_release_year=2014,
PlayTime,1967,https://boxd.it/1WLK,unique_exact_title_year,movie,10227,https://www.themoviedb.org/movie/10227,https://api.themoviedb.org/3/search/movie?query=PlayTime&primary_release_year=1967,
Natural Born Killers,1994,https://boxd.it/2aNg,unique_exact_title_year,movie,241,https://www.themoviedb.org/movie/241,https://api.themoviedb.org/3/search/movie?query=Natural+Born+Killers&primary_release_year=1994,
Flesh + Blood,1985,https://boxd.it/1Rg8,unique_exact_title_year,movie,12775,https://www.themoviedb.org/movie/12775,https://api.themoviedb.org/3/search/movie?query=Flesh+%2B+Blood&primary_release_year=1985,
The Elephant Man,1980,https://boxd.it/27LQ,unique_exact_title_year,movie,1955,https://www.themoviedb.org/movie/1955,https://api.themoviedb.org/3/search/movie?query=The+Elephant+Man&primary_release_year=1980,
Les Misérables,1958,https://boxd.it/24nQ,unique_exact_title_year,movie,4412,https://www.themoviedb.org/movie/4412,https://api.themoviedb.org/3/search/movie?query=Les+Mis%C3%A9rables&primary_release_year=1958,
Get Carter,1971,https://boxd.it/28HU,unique_exact_title_year,movie,1485,https://www.themoviedb.org/movie/1485,https://api.themoviedb.org/3/search/movie?query=Get+Carter&primary_release_year=1971,
Scream,1996,https://boxd.it/24EC,letterboxd_link_api_checked,movie,4232,https://www.themoviedb.org/movie/4232,https://letterboxd.com/film/scream/,
The Night of the Hunter,1955,https://boxd.it/25HW,unique_exact_title_year,movie,3112,https://www.themoviedb.org/movie/3112,https://api.themoviedb.org/3/search/movie?query=The+Night+of+the+Hunter&primary_release_year=1955,
A.I. Artificial Intelligence,2001,https://boxd.it/29Ve,unique_exact_title_year,movie,644,https://www.themoviedb.org/movie/644,https://api.themoviedb.org/3/search/movie?query=A.I.+Artificial+Intelligence&primary_release_year=2001,
Tora! Tora! Tora!,1970,https://boxd.it/1UtE,unique_exact_title_year,movie,11165,https://www.themoviedb.org/movie/11165,https://api.themoviedb.org/3/search/movie?query=Tora%21+Tora%21+Tora%21&primary_release_year=1970,
M,1931,https://boxd.it/29vq,unique_exact_title_year,movie,832,https://www.themoviedb.org/movie/832,https://api.themoviedb.org/3/search/movie?query=M&primary_release_year=1931,
Under Siege 2: Dark Territory,1995,https://boxd.it/25jg,unique_exact_title_year,movie,3512,https://www.themoviedb.org/movie/3512,https://api.themoviedb.org/3/search/movie?query=Under+Siege+2%3A+Dark+Territory&primary_release_year=1995,
Brain Dead,1990,https://boxd.it/22os,unique_exact_title_year,movie,5898,https://www.themoviedb.org/movie/5898,https://api.themoviedb.org/3/search/movie?query=Brain+Dead&primary_release_year=1990,
The Guard,2011,https://boxd.it/2eBS,letterboxd_link_api_checked,movie,67913,https://www.themoviedb.org/movie/67913,https://letterboxd.com/film/the-guard/,
The Second Death,2000,https://boxd.it/54xM,unique_exact_title_year,movie,162787,https://www.themoviedb.org/movie/162787,https://api.themoviedb.org/3/search/movie?query=The+Second+Death&primary_release_year=2000,
Eraserhead,1977,https://boxd.it/299u,unique_exact_title_year,movie,985,https://www.themoviedb.org/movie/985,https://api.themoviedb.org/3/search/movie?query=Eraserhead&primary_release_year=1977,
Student Bodies,1981,https://boxd.it/1BMi,unique_exact_title_year,movie,21515,https://www.themoviedb.org/movie/21515,https://api.themoviedb.org/3/search/movie?query=Student+Bodies&primary_release_year=1981,
Sweet Sixteen,1983,https://boxd.it/2J54,unique_exact_title_year,movie,78552,https://www.themoviedb.org/movie/78552,https://api.themoviedb.org/3/search/movie?query=Sweet+Sixteen&primary_release_year=1983,
48 Hrs.,1982,https://boxd.it/2b18,unique_exact_title_year,movie,150,https://www.themoviedb.org/movie/150,https://api.themoviedb.org/3/search/movie?query=48+Hrs.&primary_release_year=1982,
The House on Sorority Row,1982,https://boxd.it/12b2,unique_exact_title_year,movie,40229,https://www.themoviedb.org/movie/40229,https://api.themoviedb.org/3/search/movie?query=The+House+on+Sorority+Row&primary_release_year=1982,
Wild at Heart,1990,https://boxd.it/2aii,unique_exact_title_year,movie,483,https://www.themoviedb.org/movie/483,https://api.themoviedb.org/3/search/movie?query=Wild+at+Heart&primary_release_year=1990,
Life Is Beautiful,1997,https://boxd.it/29Wm,unique_exact_title_year,movie,637,https://www.themoviedb.org/movie/637,https://api.themoviedb.org/3/search/movie?query=Life+Is+Beautiful&primary_release_year=1997,
The Last Metro,1980,https://boxd.it/28fc,unique_exact_title_year,movie,1716,https://www.themoviedb.org/movie/1716,https://api.themoviedb.org/3/search/movie?query=The+Last+Metro&primary_release_year=1980,
Come Drink with Me,1966,https://boxd.it/1uf2,unique_exact_title_year,movie,26259,https://www.themoviedb.org/movie/26259,https://api.themoviedb.org/3/search/movie?query=Come+Drink+with+Me&primary_release_year=1966,
Brazil,1985,https://boxd.it/2be2,unique_exact_title_year,movie,68,https://www.themoviedb.org/movie/68,https://api.themoviedb.org/3/search/movie?query=Brazil&primary_release_year=1985,
Lips of Blood,1975,https://boxd.it/1o8O,unique_exact_title_year,movie,29128,https://www.themoviedb.org/movie/29128,https://api.themoviedb.org/3/search/movie?query=Lips+of+Blood&primary_release_year=1975,
Touchez Pas au Grisbi,1954,https://boxd.it/1rPw,unique_exact_title_year,movie,27430,https://www.themoviedb.org/movie/27430,https://api.themoviedb.org/3/search/movie?query=Touchez+Pas+au+Grisbi&primary_release_year=1954,
Rope,1948,https://boxd.it/28yo,unique_exact_title_year,movie,1580,https://www.themoviedb.org/movie/1580,https://api.themoviedb.org/3/search/movie?query=Rope&primary_release_year=1948,
Boogie Nights,1997,https://boxd.it/23um,unique_exact_title_year,movie,4995,https://www.themoviedb.org/movie/4995,https://api.themoviedb.org/3/search/movie?query=Boogie+Nights&primary_release_year=1997,
They Live,1988,https://boxd.it/20lm,unique_exact_title_year,movie,8337,https://www.themoviedb.org/movie/8337,https://api.themoviedb.org/3/search/movie?query=They+Live&primary_release_year=1988,
Hussy,1980,https://boxd.it/359C,unique_exact_title_year,movie,86706,https://www.themoviedb.org/movie/86706,https://api.themoviedb.org/3/search/movie?query=Hussy&primary_release_year=1980,
Dial M for Murder,1954,https://boxd.it/2adW,unique_exact_title_year,movie,521,https://www.themoviedb.org/movie/521,https://api.themoviedb.org/3/search/movie?query=Dial+M+for+Murder&primary_release_year=1954,
Sorcerer,1977,https://boxd.it/14J6,unique_exact_title_year,movie,38985,https://www.themoviedb.org/movie/38985,https://api.themoviedb.org/3/search/movie?query=Sorcerer&primary_release_year=1977,
Torso,1973,https://boxd.it/1iGg,unique_exact_title_year,movie,31624,https://www.themoviedb.org/movie/31624,https://api.themoviedb.org/3/search/movie?query=Torso&primary_release_year=1973,
Cheeky,2000,https://boxd.it/1Ab6,unique_exact_title_year,movie,22705,https://www.themoviedb.org/movie/22705,https://api.themoviedb.org/3/search/movie?query=Cheeky&primary_release_year=2000,
One Flew Over the Cuckoo's Nest,1975,https://boxd.it/2aeA,unique_exact_title_year,movie,510,https://www.themoviedb.org/movie/510,https://api.themoviedb.org/3/search/movie?query=One+Flew+Over+the+Cuckoo%27s+Nest&primary_release_year=1975,
Lost Highway,1997,https://boxd.it/29Wc,unique_exact_title_year,movie,638,https://www.themoviedb.org/movie/638,https://api.themoviedb.org/3/search/movie?query=Lost+Highway&primary_release_year=1997,
Some Like It Hot,1959,https://boxd.it/2aNA,unique_exact_title_year,movie,239,https://www.themoviedb.org/movie/239,https://api.themoviedb.org/3/search/movie?query=Some+Like+It+Hot&primary_release_year=1959,
"I, the Executioner",1968,https://boxd.it/47rA,unique_exact_title_year,movie,125270,https://www.themoviedb.org/movie/125270,https://api.themoviedb.org/3/search/movie?query=I%2C+the+Executioner&primary_release_year=1968,
Woman in Chains,1968,https://boxd.it/2tnc,unique_exact_title_year,movie,70496,https://www.themoviedb.org/movie/70496,https://api.themoviedb.org/3/search/movie?query=Woman+in+Chains&primary_release_year=1968,
The 8 Diagram Pole Fighter,1984,https://boxd.it/1h2a,unique_exact_title_year,movie,32520,https://www.themoviedb.org/movie/32520,https://api.themoviedb.org/3/search/movie?query=The+8+Diagram+Pole+Fighter&primary_release_year=1984,
The 39 Steps,1935,https://boxd.it/2aKc,unique_exact_title_year,movie,260,https://www.themoviedb.org/movie/260,https://api.themoviedb.org/3/search/movie?query=The+39+Steps&primary_release_year=1935,
Hamnet,2025,https://boxd.it/woVy,unique_exact_title_year,movie,858024,https://www.themoviedb.org/movie/858024,https://api.themoviedb.org/3/search/movie?query=Hamnet&primary_release_year=2025,
Enemy at the Gates,2001,https://boxd.it/29s2,unique_exact_title_year,movie,853,https://www.themoviedb.org/movie/853,https://api.themoviedb.org/3/search/movie?query=Enemy+at+the+Gates&primary_release_year=2001,
The Church,1989,https://boxd.it/11Zg,unique_exact_title_year,movie,40364,https://www.themoviedb.org/movie/40364,https://api.themoviedb.org/3/search/movie?query=The+Church&primary_release_year=1989,
Gainsbourg: A Heroic Life,2010,https://boxd.it/1iaa,unique_exact_title_year,movie,31900,https://www.themoviedb.org/movie/31900,https://api.themoviedb.org/3/search/movie?query=Gainsbourg%3A+A+Heroic+Life&primary_release_year=2010,
Blind Beast,1969,https://boxd.it/1rQ0,unique_exact_title_year,movie,27425,https://www.themoviedb.org/movie/27425,https://api.themoviedb.org/3/search/movie?query=Blind+Beast&primary_release_year=1969,
Hiroshima,1953,https://boxd.it/8i0I,unique_exact_title_year,movie,273433,https://www.themoviedb.org/movie/273433,https://api.themoviedb.org/3/search/movie?query=Hiroshima&primary_release_year=1953,
Mars Express,2023,https://boxd.it/lATC,unique_exact_title_year,movie,586810,https://www.themoviedb.org/movie/586810,https://api.themoviedb.org/3/search/movie?query=Mars+Express&primary_release_year=2023,
Dawn of the Dead,1978,https://boxd.it/29gU,unique_exact_title_year,movie,923,https://www.themoviedb.org/movie/923,https://api.themoviedb.org/3/search/movie?query=Dawn+of+the+Dead&primary_release_year=1978,
La Cérémonie,1995,https://boxd.it/287C,unique_exact_title_year,movie,1802,https://www.themoviedb.org/movie/1802,https://api.themoviedb.org/3/search/movie?query=La+C%C3%A9r%C3%A9monie&primary_release_year=1995,
The Trouble with Harry,1955,https://boxd.it/1Ul6,unique_exact_title_year,movie,11219,https://www.themoviedb.org/movie/11219,https://api.themoviedb.org/3/search/movie?query=The+Trouble+with+Harry&primary_release_year=1955,
Three Colours: Blue,1993,https://boxd.it/2b7K,letterboxd_link_api_checked,movie,108,https://www.themoviedb.org/movie/108,https://letterboxd.com/film/three-colours-blue/,
The Seven Year Itch,1955,https://boxd.it/1VIK,unique_exact_title_year,movie,10653,https://www.themoviedb.org/movie/10653,https://api.themoviedb.org/3/search/movie?query=The+Seven+Year+Itch&primary_release_year=1955,
Truck Turner,1974,https://boxd.it/1B1c,unique_exact_title_year,movie,22121,https://www.themoviedb.org/movie/22121,https://api.themoviedb.org/3/search/movie?query=Truck+Turner&primary_release_year=1974,
The Visitors,1993,https://boxd.it/1TeI,unique_exact_title_year,movie,11687,https://www.themoviedb.org/movie/11687,https://api.themoviedb.org/3/search/movie?query=The+Visitors&primary_release_year=1993,
Bad Lieutenant: Port of Call – New Orleans,2009,https://boxd.it/1TcW,unique_exact_title_year,movie,11699,https://www.themoviedb.org/movie/11699,https://api.themoviedb.org/3/search/movie?query=Bad+Lieutenant%3A+Port+of+Call+%E2%80%93+New+Orleans&primary_release_year=2009,
To Kill a Mockingbird,1962,https://boxd.it/2a2E,unique_exact_title_year,movie,595,https://www.themoviedb.org/movie/595,https://api.themoviedb.org/3/search/movie?query=To+Kill+a+Mockingbird&primary_release_year=1962,
The Living Dead Girl,1982,https://boxd.it/2F6M,unique_exact_title_year,movie,77010,https://www.themoviedb.org/movie/77010,https://api.themoviedb.org/3/search/movie?query=The+Living+Dead+Girl&primary_release_year=1982,
A Dog's Purpose,2017,https://boxd.it/dgSI,unique_exact_title_year,movie,381289,https://www.themoviedb.org/movie/381289,https://api.themoviedb.org/3/search/movie?query=A+Dog%27s+Purpose&primary_release_year=2017,
Tropic Thunder,2008,https://boxd.it/20WM,unique_exact_title_year,movie,7446,https://www.themoviedb.org/movie/7446,https://api.themoviedb.org/3/search/movie?query=Tropic+Thunder&primary_release_year=2008,
Singin' in the Rain,1952,https://boxd.it/29oY,unique_exact_title_year,movie,872,https://www.themoviedb.org/movie/872,https://api.themoviedb.org/3/search/movie?query=Singin%27+in+the+Rain&primary_release_year=1952,
The Double Life of Véronique,1991,https://boxd.it/28va,unique_exact_title_year,movie,1600,https://www.themoviedb.org/movie/1600,https://api.themoviedb.org/3/search/movie?query=The+Double+Life+of+V%C3%A9ronique&primary_release_year=1991,
Dragon Inn,1967,https://boxd.it/3xGa,unique_exact_title_year,movie,104237,https://www.themoviedb.org/movie/104237,https://api.themoviedb.org/3/search/movie?query=Dragon+Inn&primary_release_year=1967,
The Sixth Sense,1999,https://boxd.it/29Js,unique_exact_title_year,movie,745,https://www.themoviedb.org/movie/745,https://api.themoviedb.org/3/search/movie?query=The+Sixth+Sense&primary_release_year=1999,
Supervixens,1975,https://boxd.it/22Gm,unique_exact_title_year,movie,5725,https://www.themoviedb.org/movie/5725,https://api.themoviedb.org/3/search/movie?query=Supervixens&primary_release_year=1975,
The Texas Chain Saw Massacre,1974,https://boxd.it/1lcS,unique_exact_title_year,movie,30497,https://www.themoviedb.org/movie/30497,https://api.themoviedb.org/3/search/movie?query=The+Texas+Chain+Saw+Massacre&primary_release_year=1974,
The Abyss,1989,https://boxd.it/26mK,unique_exact_title_year,movie,2756,https://www.themoviedb.org/movie/2756,https://api.themoviedb.org/3/search/movie?query=The+Abyss&primary_release_year=1989,
The Substance,2024,https://boxd.it/zanS,unique_exact_title_year,movie,933260,https://www.themoviedb.org/movie/933260,https://api.themoviedb.org/3/search/movie?query=The+Substance&primary_release_year=2024,
Under the Skin,2013,https://boxd.it/3mDa,unique_exact_title_year,movie,698232,https://www.themoviedb.org/movie/698232,https://api.themoviedb.org/3/search/movie?query=Under+the+Skin&primary_release_year=2013,
Apollo 11,2019,https://boxd.it/k4r0,unique_exact_title_year,movie,549559,https://www.themoviedb.org/movie/549559,https://api.themoviedb.org/3/search/movie?query=Apollo+11&primary_release_year=2019,
Nosferatu,1922,https://boxd.it/29TM,unique_exact_title_year,movie,653,https://www.themoviedb.org/movie/653,https://api.themoviedb.org/3/search/movie?query=Nosferatu&primary_release_year=1922,
Nosferatu,2024,https://boxd.it/f5eG,unique_exact_title_year,movie,426063,https://www.themoviedb.org/movie/426063,https://api.themoviedb.org/3/search/movie?query=Nosferatu&primary_release_year=2024,
The Three Musketeers: D'Artagnan,2023,https://boxd.it/tXF0,unique_exact_title_year,movie,796185,https://www.themoviedb.org/movie/796185,https://api.themoviedb.org/3/search/movie?query=The+Three+Musketeers%3A+D%27Artagnan&primary_release_year=2023,
True Lies,1994,https://boxd.it/19pq,unique_exact_title_year,movie,36955,https://www.themoviedb.org/movie/36955,https://api.themoviedb.org/3/search/movie?query=True+Lies&primary_release_year=1994,
The Taking of Pelham One Two Three,1974,https://boxd.it/20lG,unique_exact_title_year,movie,8333,https://www.themoviedb.org/movie/8333,https://api.themoviedb.org/3/search/movie?query=The+Taking+of+Pelham+One+Two+Three&primary_release_year=1974,
Mulholland Drive,2001,https://boxd.it/297o,unique_exact_title_year,movie,1018,https://www.themoviedb.org/movie/1018,https://api.themoviedb.org/3/search/movie?query=Mulholland+Drive&primary_release_year=2001,
Gwendoline,1984,https://boxd.it/1F9Y,unique_exact_title_year,movie,19400,https://www.themoviedb.org/movie/19400,https://api.themoviedb.org/3/search/movie?query=Gwendoline&primary_release_year=1984,
Modern Times,1936,https://boxd.it/25MC,unique_exact_title_year,movie,3082,https://www.themoviedb.org/movie/3082,https://api.themoviedb.org/3/search/movie?query=Modern+Times&primary_release_year=1936,
Ronin,1998,https://boxd.it/20wa,unique_exact_title_year,movie,8195,https://www.themoviedb.org/movie/8195,https://api.themoviedb.org/3/search/movie?query=Ronin&primary_release_year=1998,
Ghost in the Shell 2.0,2008,https://boxd.it/1OLW,unique_exact_title_year,movie,14092,https://www.themoviedb.org/movie/14092,https://api.themoviedb.org/3/search/movie?query=Ghost+in+the+Shell+2.0&primary_release_year=2008,
A Fistful of Dollars,1964,https://boxd.it/2auo,unique_exact_title_year,movie,391,https://www.themoviedb.org/movie/391,https://api.themoviedb.org/3/search/movie?query=A+Fistful+of+Dollars&primary_release_year=1964,
Ilsa: She Wolf of the SS,1975,https://boxd.it/1CPC,unique_exact_title_year,movie,20850,https://www.themoviedb.org/movie/20850,https://api.themoviedb.org/3/search/movie?query=Ilsa%3A+She+Wolf+of+the+SS&primary_release_year=1975,
The Way of the Dragon,1972,https://boxd.it/1YCq,unique_exact_title_year,movie,9462,https://www.themoviedb.org/movie/9462,https://api.themoviedb.org/3/search/movie?query=The+Way+of+the+Dragon&primary_release_year=1972,
Basic Instinct,1992,https://boxd.it/2asM,unique_exact_title_year,movie,402,https://www.themoviedb.org/movie/402,https://api.themoviedb.org/3/search/movie?query=Basic+Instinct&primary_release_year=1992,
Dumb and Dumber,1994,https://boxd.it/206m,unique_exact_title_year,movie,8467,https://www.themoviedb.org/movie/8467,https://api.themoviedb.org/3/search/movie?query=Dumb+and+Dumber&primary_release_year=1994,
Drunken Master,1978,https://boxd.it/1Ujk,unique_exact_title_year,movie,11230,https://www.themoviedb.org/movie/11230,https://api.themoviedb.org/3/search/movie?query=Drunken+Master&primary_release_year=1978,
The Northman,2022,https://boxd.it/nK2s,unique_exact_title_year,movie,639933,https://www.themoviedb.org/movie/639933,https://api.themoviedb.org/3/search/movie?query=The+Northman&primary_release_year=2022,
The Machinist,2004,https://boxd.it/248c,unique_exact_title_year,movie,4553,https://www.themoviedb.org/movie/4553,https://api.themoviedb.org/3/search/movie?query=The+Machinist&primary_release_year=2004,
Drunken Master II,1994,https://boxd.it/1Si0,letterboxd_link_api_checked,movie,12207,https://www.themoviedb.org/movie/12207,https://letterboxd.com/film/drunken-master-ii/,
John Wick,2014,https://boxd.it/7dEc,unique_exact_title_year,movie,245891,https://www.themoviedb.org/movie/245891,https://api.themoviedb.org/3/search/movie?query=John+Wick&primary_release_year=2014,
Beneath the Valley of the Ultra-Vixens,1979,https://boxd.it/23hM,unique_exact_title_year,movie,5157,https://www.themoviedb.org/movie/5157,https://api.themoviedb.org/3/search/movie?query=Beneath+the+Valley+of+the+Ultra-Vixens&primary_release_year=1979,
Aliens vs Predator: Requiem,2007,https://boxd.it/2ans,unique_exact_title_year,movie,440,https://www.themoviedb.org/movie/440,https://api.themoviedb.org/3/search/movie?query=Aliens+vs+Predator%3A+Requiem&primary_release_year=2007,
Secret Things,2002,https://boxd.it/1c2O,unique_exact_title_year,movie,35712,https://www.themoviedb.org/movie/35712,https://api.themoviedb.org/3/search/movie?query=Secret+Things&primary_release_year=2002,
First Man,2018,https://boxd.it/cPym,unique_exact_title_year,movie,369972,https://www.themoviedb.org/movie/369972,https://api.themoviedb.org/3/search/movie?query=First+Man&primary_release_year=2018,
Immoral Tales,1973,https://boxd.it/MQS,letterboxd_link_api_checked,movie,46581,https://www.themoviedb.org/movie/46581,https://letterboxd.com/film/immoral-tales/,
Zodiac,2007,https://boxd.it/27MO,unique_exact_title_year,movie,1949,https://www.themoviedb.org/movie/1949,https://api.themoviedb.org/3/search/movie?query=Zodiac&primary_release_year=2007,
La La Land,2016,https://boxd.it/a5fa,unique_exact_title_year,movie,313369,https://www.themoviedb.org/movie/313369,https://api.themoviedb.org/3/search/movie?query=La+La+Land&primary_release_year=2016,
Twister,1996,https://boxd.it/29S0,unique_exact_title_year,movie,664,https://www.themoviedb.org/movie/664,https://api.themoviedb.org/3/search/movie?query=Twister&primary_release_year=1996,
The Girl Next Door,2004,https://boxd.it/1VSq,unique_exact_title_year,movie,10591,https://www.themoviedb.org/movie/10591,https://api.themoviedb.org/3/search/movie?query=The+Girl+Next+Door&primary_release_year=2004,
Ben-Hur,1959,https://boxd.it/29RQ,unique_exact_title_year,movie,665,https://www.themoviedb.org/movie/665,https://api.themoviedb.org/3/search/movie?query=Ben-Hur&primary_release_year=1959,
John Wick: Chapter 2,2017,https://boxd.it/ayGu,unique_exact_title_year,movie,324552,https://www.themoviedb.org/movie/324552,https://api.themoviedb.org/3/search/movie?query=John+Wick%3A+Chapter+2&primary_release_year=2017,
Prince of Darkness,1987,https://boxd.it/1ZKq,unique_exact_title_year,movie,8852,https://www.themoviedb.org/movie/8852,https://api.themoviedb.org/3/search/movie?query=Prince+of+Darkness&primary_release_year=1987,
John Wick: Chapter 3 – Parabellum,2019,https://boxd.it/gmFw,unique_exact_title_year,movie,458156,https://www.themoviedb.org/movie/458156,https://api.themoviedb.org/3/search/movie?query=John+Wick%3A+Chapter+3+%E2%80%93+Parabellum&primary_release_year=2019,
John Wick: Chapter 4,2023,https://boxd.it/mh48,unique_exact_title_year,movie,603692,https://www.themoviedb.org/movie/603692,https://api.themoviedb.org/3/search/movie?query=John+Wick%3A+Chapter+4&primary_release_year=2023,
Con Air,1997,https://boxd.it/28gO,unique_exact_title_year,movie,1701,https://www.themoviedb.org/movie/1701,https://api.themoviedb.org/3/search/movie?query=Con+Air&primary_release_year=1997,
Adoration,2013,https://boxd.it/3JEU,unique_exact_title_year,movie,111190,https://www.themoviedb.org/movie/111190,https://api.themoviedb.org/3/search/movie?query=Adoration&primary_release_year=2013,
The Red Shoes,1948,https://boxd.it/1EXI,unique_exact_title_year,movie,19542,https://www.themoviedb.org/movie/19542,https://api.themoviedb.org/3/search/movie?query=The+Red+Shoes&primary_release_year=1948,
Xtro,1982,https://boxd.it/1v1q,unique_exact_title_year,movie,25834,https://www.themoviedb.org/movie/25834,https://api.themoviedb.org/3/search/movie?query=Xtro&primary_release_year=1982,
Point Blank,1967,https://boxd.it/1uAE,unique_exact_title_year,movie,26039,https://www.themoviedb.org/movie/26039,https://api.themoviedb.org/3/search/movie?query=Point+Blank&primary_release_year=1967,
Hobo with a Shotgun,2007,https://boxd.it/6pZO,tmdb_unavailable,,,,,"Letterboxd links to this TMDB ID, but the TMDB API returns 404. Keep the local entry; do not substitute a different film."
Ballerina,2025,https://boxd.it/jKqG,letterboxd_link_api_checked,movie,541671,https://www.themoviedb.org/movie/541671,https://letterboxd.com/film/ballerina-2025/,
Fantastic Planet,1973,https://boxd.it/1KnQ,unique_exact_title_year,movie,16306,https://www.themoviedb.org/movie/16306,https://api.themoviedb.org/3/search/movie?query=Fantastic+Planet&primary_release_year=1973,
Death Race 2000,1975,https://boxd.it/1QuI,unique_exact_title_year,movie,13282,https://www.themoviedb.org/movie/13282,https://api.themoviedb.org/3/search/movie?query=Death+Race+2000&primary_release_year=1975,
Hobo with a Shotgun,2011,https://boxd.it/H5s,unique_exact_title_year,movie,49010,https://www.themoviedb.org/movie/49010,https://api.themoviedb.org/3/search/movie?query=Hobo+with+a+Shotgun&primary_release_year=2011,
Stalker,1979,https://boxd.it/28PO,unique_exact_title_year,movie,1398,https://www.themoviedb.org/movie/1398,https://api.themoviedb.org/3/search/movie?query=Stalker&primary_release_year=1979,
Ran,1985,https://boxd.it/1Tlu,unique_exact_title_year,movie,11645,https://www.themoviedb.org/movie/11645,https://api.themoviedb.org/3/search/movie?query=Ran&primary_release_year=1985,
Hard Boiled,1992,https://boxd.it/1T6a,unique_exact_title_year,movie,11782,https://www.themoviedb.org/movie/11782,https://api.themoviedb.org/3/search/movie?query=Hard+Boiled&primary_release_year=1992,
Apollo 13,1995,https://boxd.it/2a6G,unique_exact_title_year,movie,568,https://www.themoviedb.org/movie/568,https://api.themoviedb.org/3/search/movie?query=Apollo+13&primary_release_year=1995,
The Reader,2008,https://boxd.it/20Dq,unique_exact_title_year,movie,8055,https://www.themoviedb.org/movie/8055,https://api.themoviedb.org/3/search/movie?query=The+Reader&primary_release_year=2008,
Tron,1982,https://boxd.it/2b9w,unique_exact_title_year,movie,97,https://www.themoviedb.org/movie/97,https://api.themoviedb.org/3/search/movie?query=Tron&primary_release_year=1982,
Idiocracy,2006,https://boxd.it/20RW,unique_exact_title_year,movie,7512,https://www.themoviedb.org/movie/7512,https://api.themoviedb.org/3/search/movie?query=Idiocracy&primary_release_year=2006,
Turbo Kid,2015,https://boxd.it/9X0c,unique_exact_title_year,movie,310135,https://www.themoviedb.org/movie/310135,https://api.themoviedb.org/3/search/movie?query=Turbo+Kid&primary_release_year=2015,
RoboCop 2,1990,https://boxd.it/22Wk,unique_exact_title_year,movie,5549,https://www.themoviedb.org/movie/5549,https://api.themoviedb.org/3/search/movie?query=RoboCop+2&primary_release_year=1990,
Sinners,2025,https://boxd.it/KQMM,unique_exact_title_year,movie,1233413,https://www.themoviedb.org/movie/1233413,https://api.themoviedb.org/3/search/movie?query=Sinners&primary_release_year=2025,
Near Dark,1987,https://boxd.it/1SRO,unique_exact_title_year,movie,11879,https://www.themoviedb.org/movie/11879,https://api.themoviedb.org/3/search/movie?query=Near+Dark&primary_release_year=1987,
Righting Wrongs,1986,https://boxd.it/8NY,unique_exact_title_year,movie,66212,https://www.themoviedb.org/movie/66212,https://api.themoviedb.org/3/search/movie?query=Righting+Wrongs&primary_release_year=1986,
North by Northwest,1959,https://boxd.it/2aRM,unique_exact_title_year,movie,213,https://www.themoviedb.org/movie/213,https://api.themoviedb.org/3/search/movie?query=North+by+Northwest&primary_release_year=1959,
Maîtresse,1976,https://boxd.it/LQi,unique_exact_title_year,movie,46978,https://www.themoviedb.org/movie/46978,https://api.themoviedb.org/3/search/movie?query=Ma%C3%AEtresse&primary_release_year=1976,
"Yes, Madam!",1985,https://boxd.it/13EE,unique_exact_title_year,movie,39448,https://www.themoviedb.org/movie/39448,https://api.themoviedb.org/3/search/movie?query=Yes%2C+Madam%21&primary_release_year=1985,
The Iron-Fisted Monk,1977,https://boxd.it/130E,unique_exact_title_year,movie,39881,https://www.themoviedb.org/movie/39881,https://api.themoviedb.org/3/search/movie?query=The+Iron-Fisted+Monk&primary_release_year=1977,
Benedetta,2021,https://boxd.it/gdNQ,unique_exact_title_year,movie,454527,https://www.themoviedb.org/movie/454527,https://api.themoviedb.org/3/search/movie?query=Benedetta&primary_release_year=2021,
Possession,1981,https://boxd.it/1BPm,unique_exact_title_year,movie,21484,https://www.themoviedb.org/movie/21484,https://api.themoviedb.org/3/search/movie?query=Possession&primary_release_year=1981,
China O'Brien,1990,https://boxd.it/1QtK,unique_exact_title_year,movie,13293,https://www.themoviedb.org/movie/13293,https://api.themoviedb.org/3/search/movie?query=China+O%27Brien&primary_release_year=1990,
Magic Crystal,1986,https://boxd.it/4xWO,unique_exact_title_year,movie,142300,https://www.themoviedb.org/movie/142300,https://api.themoviedb.org/3/search/movie?query=Magic+Crystal&primary_release_year=1986,
Lone Wolf and Cub: Sword of Vengeance,1972,https://boxd.it/Zia,unique_exact_title_year,movie,41471,https://www.themoviedb.org/movie/41471,https://api.themoviedb.org/3/search/movie?query=Lone+Wolf+and+Cub%3A+Sword+of+Vengeance&primary_release_year=1972,
Chernobyl,2019,https://boxd.it/mkbG,letterboxd_link_api_checked,tv,87108,https://www.themoviedb.org/tv/87108,https://letterboxd.com/film/chernobyl/,
Lone Wolf and Cub: Baby Cart at the River Styx,1972,https://boxd.it/1I2Q,unique_exact_title_year,movie,17810,https://www.themoviedb.org/movie/17810,https://api.themoviedb.org/3/search/movie?query=Lone+Wolf+and+Cub%3A+Baby+Cart+at+the+River+Styx&primary_release_year=1972,
Children of Men,2006,https://boxd.it/1Y2i,unique_exact_title_year,movie,9693,https://www.themoviedb.org/movie/9693,https://api.themoviedb.org/3/search/movie?query=Children+of+Men&primary_release_year=2006,
Lady Snowblood,1973,https://boxd.it/26Fi,unique_exact_title_year,movie,2487,https://www.themoviedb.org/movie/2487,https://api.themoviedb.org/3/search/movie?query=Lady+Snowblood&primary_release_year=1973,
Royal Warriors,1986,https://boxd.it/Pve,unique_exact_title_year,movie,45450,https://www.themoviedb.org/movie/45450,https://api.themoviedb.org/3/search/movie?query=Royal+Warriors&primary_release_year=1986,
Panic Room,2002,https://boxd.it/2490,unique_exact_title_year,movie,4547,https://www.themoviedb.org/movie/4547,https://api.themoviedb.org/3/search/movie?query=Panic+Room&primary_release_year=2002,
Atomic Blonde,2017,https://boxd.it/blDk,unique_exact_title_year,movie,341013,https://www.themoviedb.org/movie/341013,https://api.themoviedb.org/3/search/movie?query=Atomic+Blonde&primary_release_year=2017,
Society,1989,https://boxd.it/1ARc,letterboxd_link_api_checked,movie,22244,https://www.themoviedb.org/movie/22244,https://letterboxd.com/film/society/,
In the Line of Duty 4,1989,https://boxd.it/134G,unique_exact_title_year,movie,39854,https://www.themoviedb.org/movie/39854,https://api.themoviedb.org/3/search/movie?query=In+the+Line+of+Duty+4&primary_release_year=1989,
The Raid 2,2014,https://boxd.it/5uz0,unique_exact_title_year,movie,180299,https://www.themoviedb.org/movie/180299,https://api.themoviedb.org/3/search/movie?query=The+Raid+2&primary_release_year=2014,
The Seventh Seal,1957,https://boxd.it/2ahO,unique_exact_title_year,movie,490,https://www.themoviedb.org/movie/490,https://api.themoviedb.org/3/search/movie?query=The+Seventh+Seal&primary_release_year=1957,
Shogun Assassin,1980,https://boxd.it/1MM4,unique_exact_title_year,movie,15119,https://www.themoviedb.org/movie/15119,https://api.themoviedb.org/3/search/movie?query=Shogun+Assassin&primary_release_year=1980,
Yojimbo,1961,https://boxd.it/1SRY,unique_exact_title_year,movie,11878,https://www.themoviedb.org/movie/11878,https://api.themoviedb.org/3/search/movie?query=Yojimbo&primary_release_year=1961,
Harakiri,1962,https://boxd.it/1NTU,unique_exact_title_year,movie,14537,https://www.themoviedb.org/movie/14537,https://api.themoviedb.org/3/search/movie?query=Harakiri&primary_release_year=1962,
Police Story,1985,https://boxd.it/1Zhe,unique_exact_title_year,movie,9056,https://www.themoviedb.org/movie/9056,https://api.themoviedb.org/3/search/movie?query=Police+Story&primary_release_year=1985,
Kes,1969,https://boxd.it/1Qi8,letterboxd_link_api_checked,movie,13384,https://www.themoviedb.org/movie/13384,https://letterboxd.com/film/kes/,
Danger: Diabolik,1968,https://boxd.it/25Zc,unique_exact_title_year,movie,2994,https://www.themoviedb.org/movie/2994,https://api.themoviedb.org/3/search/movie?query=Danger%3A+Diabolik&primary_release_year=1968,
Sanjuro,1962,https://boxd.it/1TaQ,unique_exact_title_year,movie,11712,https://www.themoviedb.org/movie/11712,https://api.themoviedb.org/3/search/movie?query=Sanjuro&primary_release_year=1962,
The Professional,1981,https://boxd.it/28l0,unique_exact_title_year,movie,1672,https://www.themoviedb.org/movie/1672,https://api.themoviedb.org/3/search/movie?query=The+Professional&primary_release_year=1981,
Jackie Brown,1997,https://boxd.it/2aVO,unique_exact_title_year,movie,184,https://www.themoviedb.org/movie/184,https://api.themoviedb.org/3/search/movie?query=Jackie+Brown&primary_release_year=1997,
Police Story 2,1988,https://boxd.it/1VtU,unique_exact_title_year,movie,10753,https://www.themoviedb.org/movie/10753,https://api.themoviedb.org/3/search/movie?query=Police+Story+2&primary_release_year=1988,
The Piano Teacher,2001,https://boxd.it/2886,letterboxd_link_api_checked,movie,1791,https://www.themoviedb.org/movie/1791,https://letterboxd.com/film/the-piano-teacher/,
Obsession,2025,https://boxd.it/PNqo,letterboxd_link_api_checked,movie,1339713,https://www.themoviedb.org/movie/1339713,https://letterboxd.com/film/obsession-2025/,
Friday Foster,1975,https://boxd.it/oQE,unique_exact_title_year,movie,56539,https://www.themoviedb.org/movie/56539,https://api.themoviedb.org/3/search/movie?query=Friday+Foster&primary_release_year=1975,
Elle,2016,https://boxd.it/bdhq,letterboxd_link_api_checked,movie,337674,https://www.themoviedb.org/movie/337674,https://letterboxd.com/film/elle/,
Tai-Chi Master,1993,https://boxd.it/1UwS,unique_exact_title_year,movie,11143,https://www.themoviedb.org/movie/11143,https://api.themoviedb.org/3/search/movie?query=Tai-Chi+Master&primary_release_year=1993,
Lone Wolf and Cub: Baby Cart to Hades,1972,https://boxd.it/ZhQ,unique_exact_title_year,movie,41474,https://www.themoviedb.org/movie/41474,https://api.themoviedb.org/3/search/movie?query=Lone+Wolf+and+Cub%3A+Baby+Cart+to+Hades&primary_release_year=1972,
For a Few Dollars More,1965,https://boxd.it/29eu,unique_exact_title_year,movie,938,https://www.themoviedb.org/movie/938,https://api.themoviedb.org/3/search/movie?query=For+a+Few+Dollars+More&primary_release_year=1965,
City on Fire,1993,https://boxd.it/ff1s,unique_exact_title_year,movie,429997,https://www.themoviedb.org/movie/429997,https://api.themoviedb.org/3/search/movie?query=City+on+Fire&primary_release_year=1993,
City on Fire,1987,https://boxd.it/XGY,unique_exact_title_year,movie,42120,https://www.themoviedb.org/movie/42120,https://api.themoviedb.org/3/search/movie?query=City+on+Fire&primary_release_year=1987,
Mildred Pierce,1945,https://boxd.it/25uS,unique_exact_title_year,movie,3309,https://www.themoviedb.org/movie/3309,https://api.themoviedb.org/3/search/movie?query=Mildred+Pierce&primary_release_year=1945,
Black Book,2006,https://boxd.it/1Zea,unique_exact_title_year,movie,9075,https://www.themoviedb.org/movie/9075,https://api.themoviedb.org/3/search/movie?query=Black+Book&primary_release_year=2006,
Portrait of a Lady on Fire,2019,https://boxd.it/jkPq,unique_exact_title_year,movie,531428,https://www.themoviedb.org/movie/531428,https://api.themoviedb.org/3/search/movie?query=Portrait+of+a+Lady+on+Fire&primary_release_year=2019,
The Hidden Fortress,1958,https://boxd.it/295M,unique_exact_title_year,movie,1059,https://www.themoviedb.org/movie/1059,https://api.themoviedb.org/3/search/movie?query=The+Hidden+Fortress&primary_release_year=1958,
Bad Lieutenant,1992,https://boxd.it/1Src,unique_exact_title_year,movie,12143,https://www.themoviedb.org/movie/12143,https://api.themoviedb.org/3/search/movie?query=Bad+Lieutenant&primary_release_year=1992,
Last Night in Soho,2021,https://boxd.it/lbJC,unique_exact_title_year,movie,576845,https://www.themoviedb.org/movie/576845,https://api.themoviedb.org/3/search/movie?query=Last+Night+in+Soho&primary_release_year=2021,
The Driver,1978,https://boxd.it/27jW,unique_exact_title_year,movie,2153,https://www.themoviedb.org/movie/2153,https://api.themoviedb.org/3/search/movie?query=The+Driver&primary_release_year=1978,
Police Story 3: Super Cop,1992,https://boxd.it/1Uyk,unique_exact_title_year,movie,11134,https://www.themoviedb.org/movie/11134,https://api.themoviedb.org/3/search/movie?query=Police+Story+3%3A+Super+Cop&primary_release_year=1992,
Bride of Frankenstein,1935,https://boxd.it/2aPc,unique_exact_title_year,movie,229,https://www.themoviedb.org/movie/229,https://api.themoviedb.org/3/search/movie?query=Bride+of+Frankenstein&primary_release_year=1935,
The Killer,1989,https://boxd.it/1Vha,unique_exact_title_year,movie,10835,https://www.themoviedb.org/movie/10835,https://api.themoviedb.org/3/search/movie?query=The+Killer&primary_release_year=1989,
Real Genius,1985,https://boxd.it/1OeI,unique_exact_title_year,movie,14370,https://www.themoviedb.org/movie/14370,https://api.themoviedb.org/3/search/movie?query=Real+Genius&primary_release_year=1985,
Chungking Express,1994,https://boxd.it/1UDa,unique_exact_title_year,movie,11104,https://www.themoviedb.org/movie/11104,https://api.themoviedb.org/3/search/movie?query=Chungking+Express&primary_release_year=1994,
Band of Outsiders,1964,https://boxd.it/20Aw,unique_exact_title_year,movie,8073,https://www.themoviedb.org/movie/8073,https://api.themoviedb.org/3/search/movie?query=Band+of+Outsiders&primary_release_year=1964,
Mission: Impossible – Rogue Nation,2015,https://boxd.it/5rI4,unique_exact_title_year,movie,177677,https://www.themoviedb.org/movie/177677,https://api.themoviedb.org/3/search/movie?query=Mission%3A+Impossible+%E2%80%93+Rogue+Nation&primary_release_year=2015,
Amour,2012,https://boxd.it/34Q6,unique_exact_title_year,movie,86837,https://www.themoviedb.org/movie/86837,https://api.themoviedb.org/3/search/movie?query=Amour&primary_release_year=2012,
Collateral,2004,https://boxd.it/28F0,unique_exact_title_year,movie,1538,https://www.themoviedb.org/movie/1538,https://api.themoviedb.org/3/search/movie?query=Collateral&primary_release_year=2004,
Body Double,1984,https://boxd.it/1TGW,unique_exact_title_year,movie,11507,https://www.themoviedb.org/movie/11507,https://api.themoviedb.org/3/search/movie?query=Body+Double&primary_release_year=1984,
Chopping Mall,1986,https://boxd.it/1ow2,unique_exact_title_year,movie,28941,https://www.themoviedb.org/movie/28941,https://api.themoviedb.org/3/search/movie?query=Chopping+Mall&primary_release_year=1986,
Batman,1989,https://boxd.it/2aIU,unique_exact_title_year,movie,268,https://www.themoviedb.org/movie/268,https://api.themoviedb.org/3/search/movie?query=Batman&primary_release_year=1989,
Blue Collar,1978,https://boxd.it/1Nhm,unique_exact_title_year,movie,14839,https://www.themoviedb.org/movie/14839,https://api.themoviedb.org/3/search/movie?query=Blue+Collar&primary_release_year=1978,
Mission: Impossible – Fallout,2018,https://boxd.it/bSVc,unique_exact_title_year,movie,353081,https://www.themoviedb.org/movie/353081,https://api.themoviedb.org/3/search/movie?query=Mission%3A+Impossible+%E2%80%93+Fallout&primary_release_year=2018,
Everything Everywhere All at Once,2022,https://boxd.it/jUk4,unique_exact_title_year,movie,545611,https://www.themoviedb.org/movie/545611,https://api.themoviedb.org/3/search/movie?query=Everything+Everywhere+All+at+Once&primary_release_year=2022,
Come Play with Me,1977,https://boxd.it/3n5y,unique_exact_title_year,movie,97697,https://www.themoviedb.org/movie/97697,https://api.themoviedb.org/3/search/movie?query=Come+Play+with+Me&primary_release_year=1977,
Babygirl,2024,https://boxd.it/Fvai,unique_exact_title_year,movie,1097549,https://www.themoviedb.org/movie/1097549,https://api.themoviedb.org/3/search/movie?query=Babygirl&primary_release_year=2024,
The Andromeda Strain,1971,https://boxd.it/1W4Q,unique_exact_title_year,movie,10514,https://www.themoviedb.org/movie/10514,https://api.themoviedb.org/3/search/movie?query=The+Andromeda+Strain&primary_release_year=1971,
Parasite,2019,https://boxd.it/hTha,unique_exact_title_year,movie,496243,https://www.themoviedb.org/movie/496243,https://api.themoviedb.org/3/search/movie?query=Parasite&primary_release_year=2019,
Secretary,2002,https://boxd.it/1URc,unique_exact_title_year,movie,11013,https://www.themoviedb.org/movie/11013,https://api.themoviedb.org/3/search/movie?query=Secretary&primary_release_year=2002,
In the Mood for Love,2000,https://boxd.it/29tE,unique_exact_title_year,movie,843,https://www.themoviedb.org/movie/843,https://api.themoviedb.org/3/search/movie?query=In+the+Mood+for+Love&primary_release_year=2000,
Raw Deal,1986,https://boxd.it/27rw,unique_exact_title_year,movie,2099,https://www.themoviedb.org/movie/2099,https://api.themoviedb.org/3/search/movie?query=Raw+Deal&primary_release_year=1986,
Dragons Forever,1988,https://boxd.it/1BtK,unique_exact_title_year,movie,21733,https://www.themoviedb.org/movie/21733,https://api.themoviedb.org/3/search/movie?query=Dragons+Forever&primary_release_year=1988,
Magnificent Warriors,1987,https://boxd.it/TYk,unique_exact_title_year,movie,43637,https://www.themoviedb.org/movie/43637,https://api.themoviedb.org/3/search/movie?query=Magnificent+Warriors&primary_release_year=1987,
Monsieur Hulot's Holiday,1953,https://boxd.it/29E8,unique_exact_title_year,movie,778,https://www.themoviedb.org/movie/778,https://api.themoviedb.org/3/search/movie?query=Monsieur+Hulot%27s+Holiday&primary_release_year=1953,
Independence Day,1996,https://boxd.it/2a1w,unique_exact_title_year,movie,602,https://www.themoviedb.org/movie/602,https://api.themoviedb.org/3/search/movie?query=Independence+Day&primary_release_year=1996,
Excalibur,1981,https://boxd.it/1TDI,unique_exact_title_year,movie,11527,https://www.themoviedb.org/movie/11527,https://api.themoviedb.org/3/search/movie?query=Excalibur&primary_release_year=1981,
A Quiet Place,2018,https://boxd.it/fVJQ,unique_exact_title_year,movie,447332,https://www.themoviedb.org/movie/447332,https://api.themoviedb.org/3/search/movie?query=A+Quiet+Place&primary_release_year=2018,
The Cannonball Run,1981,https://boxd.it/1UdQ,unique_exact_title_year,movie,11286,https://www.themoviedb.org/movie/11286,https://api.themoviedb.org/3/search/movie?query=The+Cannonball+Run&primary_release_year=1981,
Escape Plan,2013,https://boxd.it/3DX2,unique_exact_title_year,movie,107846,https://www.themoviedb.org/movie/107846,https://api.themoviedb.org/3/search/movie?query=Escape+Plan&primary_release_year=2013,
"Jeanne Dielman, 23, quai du Commerce, 1080 Bruxelles",1975,https://boxd.it/T18,letterboxd_link_api_checked,movie,44012,https://www.themoviedb.org/movie/44012,https://letterboxd.com/film/jeanne-dielman-23-quai-du-commerce-1080-bruxelles/,
One Battle After Another,2025,https://boxd.it/DUHM,unique_exact_title_year,movie,1054867,https://www.themoviedb.org/movie/1054867,https://api.themoviedb.org/3/search/movie?query=One+Battle+After+Another&primary_release_year=2025,
On the Silver Globe,1988,https://boxd.it/1sAM,letterboxd_link_api_checked,movie,27072,https://www.themoviedb.org/movie/27072,https://letterboxd.com/film/on-the-silver-globe/,
Do the Right Thing,1989,https://boxd.it/29gA,unique_exact_title_year,movie,925,https://www.themoviedb.org/movie/925,https://api.themoviedb.org/3/search/movie?query=Do+the+Right+Thing&primary_release_year=1989,
There Will Be Blood,2007,https://boxd.it/20Z2,unique_exact_title_year,movie,7345,https://www.themoviedb.org/movie/7345,https://api.themoviedb.org/3/search/movie?query=There+Will+Be+Blood&primary_release_year=2007,
Bullitt,1968,https://boxd.it/29i2,unique_exact_title_year,movie,916,https://www.themoviedb.org/movie/916,https://api.themoviedb.org/3/search/movie?query=Bullitt&primary_release_year=1968,
Alphaville,1965,https://boxd.it/20AG,unique_exact_title_year,movie,8072,https://www.themoviedb.org/movie/8072,https://api.themoviedb.org/3/search/movie?query=Alphaville&primary_release_year=1965,
National Lampoon's Vacation,1983,https://boxd.it/1Uvq,unique_exact_title_year,movie,11153,https://www.themoviedb.org/movie/11153,https://api.themoviedb.org/3/search/movie?query=National+Lampoon%27s+Vacation&primary_release_year=1983,
Throne of Blood,1957,https://boxd.it/251w,unique_exact_title_year,movie,3777,https://www.themoviedb.org/movie/3777,https://api.themoviedb.org/3/search/movie?query=Throne+of+Blood&primary_release_year=1957,
Touch of Evil,1958,https://boxd.it/28II,unique_exact_title_year,movie,1480,https://www.themoviedb.org/movie/1480,https://api.themoviedb.org/3/search/movie?query=Touch+of+Evil&primary_release_year=1958,
Hiroshima Mon Amour,1959,https://boxd.it/22WY,unique_exact_title_year,movie,5544,https://www.themoviedb.org/movie/5544,https://api.themoviedb.org/3/search/movie?query=Hiroshima+Mon+Amour&primary_release_year=1959,
The Testament of Dr. Mabuse,1933,https://boxd.it/1Sia,letterboxd_link_api_checked,movie,12206,https://www.themoviedb.org/movie/12206,https://letterboxd.com/film/the-testament-of-dr-mabuse/,
Ikiru,1952,https://boxd.it/251c,unique_exact_title_year,movie,3782,https://www.themoviedb.org/movie/3782,https://api.themoviedb.org/3/search/movie?query=Ikiru&primary_release_year=1952,
Yi Yi,2000,https://boxd.it/1vCw,unique_exact_title_year,movie,25538,https://www.themoviedb.org/movie/25538,https://api.themoviedb.org/3/search/movie?query=Yi+Yi&primary_release_year=2000,
Tout Va Bien,1972,https://boxd.it/20AQ,unique_exact_title_year,movie,8071,https://www.themoviedb.org/movie/8071,https://api.themoviedb.org/3/search/movie?query=Tout+Va+Bien&primary_release_year=1972,
Team America: World Police,2004,https://boxd.it/24QS,unique_exact_title_year,movie,3989,https://www.themoviedb.org/movie/3989,https://api.themoviedb.org/3/search/movie?query=Team+America%3A+World+Police&primary_release_year=2004,
Training Day,2001,https://boxd.it/27A4,unique_exact_title_year,movie,2034,https://www.themoviedb.org/movie/2034,https://api.themoviedb.org/3/search/movie?query=Training+Day&primary_release_year=2001,
Fjord,2026,https://boxd.it/RVja,unique_exact_title_year,movie,1401459,https://www.themoviedb.org/movie/1401459,https://api.themoviedb.org/3/search/movie?query=Fjord&primary_release_year=2026,
The Odyssey,2026,https://boxd.it/QFQU,letterboxd_link_api_checked,movie,1368337,https://www.themoviedb.org/movie/1368337,https://letterboxd.com/film/the-odyssey-2026/,
A Swedish Love Story,1970,https://boxd.it/1joi,unique_exact_title_year,movie,31304,https://www.themoviedb.org/movie/31304,https://api.themoviedb.org/3/search/movie?query=A+Swedish+Love+Story&primary_release_year=1970,
Enamorada,1946,https://boxd.it/3QiG,unique_exact_title_year,movie,115301,https://www.themoviedb.org/movie/115301,https://api.themoviedb.org/3/search/movie?query=Enamorada&primary_release_year=1946,
Meshes of the Afternoon,1943,https://boxd.it/1sEE,unique_exact_title_year,movie,27040,https://www.themoviedb.org/movie/27040,https://api.themoviedb.org/3/search/movie?query=Meshes+of+the+Afternoon&primary_release_year=1943,
Carnival of Souls,1962,https://boxd.it/1KQ4,unique_exact_title_year,movie,16093,https://www.themoviedb.org/movie/16093,https://api.themoviedb.org/3/search/movie?query=Carnival+of+Souls&primary_release_year=1962,
8½,1963,https://boxd.it/2aqm,unique_exact_title_year,movie,422,https://www.themoviedb.org/movie/422,https://api.themoviedb.org/3/search/movie?query=8%C2%BD&primary_release_year=1963,
24 Hour Party People,2002,https://boxd.it/26nI,unique_exact_title_year,movie,2750,https://www.themoviedb.org/movie/2750,https://api.themoviedb.org/3/search/movie?query=24+Hour+Party+People&primary_release_year=2002,
Come and See,1985,https://boxd.it/1w9q,unique_exact_title_year,movie,25237,https://www.themoviedb.org/movie/25237,https://api.themoviedb.org/3/search/movie?query=Come+and+See&primary_release_year=1985,
Battleship Potemkin,1925,https://boxd.it/29Vo,unique_exact_title_year,movie,643,https://www.themoviedb.org/movie/643,https://api.themoviedb.org/3/search/movie?query=Battleship+Potemkin&primary_release_year=1925,
Gattaca,1997,https://boxd.it/29Du,unique_exact_title_year,movie,782,https://www.themoviedb.org/movie/782,https://api.themoviedb.org/3/search/movie?query=Gattaca&primary_release_year=1997,
Au Hasard Balthazar,1966,https://boxd.it/1E3g,unique_exact_title_year,movie,20108,https://www.themoviedb.org/movie/20108,https://api.themoviedb.org/3/search/movie?query=Au+Hasard+Balthazar&primary_release_year=1966,
The Trial of Joan of Arc,1962,https://boxd.it/HGe,letterboxd_link_api_checked,movie,48764,https://www.themoviedb.org/movie/48764,https://letterboxd.com/film/the-trial-of-joan-of-arc/,
The Cabinet of Dr. Caligari,1920,https://boxd.it/2aOo,unique_exact_title_year,movie,234,https://www.themoviedb.org/movie/234,https://api.themoviedb.org/3/search/movie?query=The+Cabinet+of+Dr.+Caligari&primary_release_year=1920,
Tokyo Story,1953,https://boxd.it/1HuY,unique_exact_title_year,movie,18148,https://www.themoviedb.org/movie/18148,https://api.themoviedb.org/3/search/movie?query=Tokyo+Story&primary_release_year=1953,
A Nightmare on Elm Street,1984,https://boxd.it/2aw0,unique_exact_title_year,movie,377,https://www.themoviedb.org/movie/377,https://api.themoviedb.org/3/search/movie?query=A+Nightmare+on+Elm+Street&primary_release_year=1984,
To Live and Die in L.A.,1985,https://boxd.it/1XFo,unique_exact_title_year,movie,9846,https://www.themoviedb.org/movie/9846,https://api.themoviedb.org/3/search/movie?query=To+Live+and+Die+in+L.A.&primary_release_year=1985,
The Addiction,1995,https://boxd.it/1cZQ,unique_exact_title_year,movie,34996,https://www.themoviedb.org/movie/34996,https://api.themoviedb.org/3/search/movie?query=The+Addiction&primary_release_year=1995,
Master and Commander: The Far Side of the World,2003,https://boxd.it/200S,unique_exact_title_year,movie,8619,https://www.themoviedb.org/movie/8619,https://api.themoviedb.org/3/search/movie?query=Master+and+Commander%3A+The+Far+Side+of+the+World&primary_release_year=2003,
Kwaidan,1964,https://boxd.it/1kbY,letterboxd_link_api_checked,movie,30959,https://www.themoviedb.org/movie/30959,https://letterboxd.com/film/kwaidan/,
Cycle,2012,https://boxd.it/5eLO,unique_exact_title_year,movie,169569,https://www.themoviedb.org/movie/169569,https://api.themoviedb.org/3/search/movie?query=Cycle&primary_release_year=2012,
Invasion of the Body Snatchers,1978,https://boxd.it/1SWk,unique_exact_title_year,movie,11850,https://www.themoviedb.org/movie/11850,https://api.themoviedb.org/3/search/movie?query=Invasion+of+the+Body+Snatchers&primary_release_year=1978,
What?,1972,https://boxd.it/2QS8,unique_exact_title_year,movie,81522,https://www.themoviedb.org/movie/81522,https://api.themoviedb.org/3/search/movie?query=What%3F&primary_release_year=1972,
Lone Wolf and Cub: Baby Cart in Peril,1972,https://boxd.it/Zhw,unique_exact_title_year,movie,41477,https://www.themoviedb.org/movie/41477,https://api.themoviedb.org/3/search/movie?query=Lone+Wolf+and+Cub%3A+Baby+Cart+in+Peril&primary_release_year=1972,
Carry On Screaming!,1966,https://boxd.it/23pm,unique_exact_title_year,movie,5060,https://www.themoviedb.org/movie/5060,https://api.themoviedb.org/3/search/movie?query=Carry+On+Screaming%21&primary_release_year=1966,
The Ten Commandments,1956,https://boxd.it/21mg,unique_exact_title_year,movie,6844,https://www.themoviedb.org/movie/6844,https://api.themoviedb.org/3/search/movie?query=The+Ten+Commandments&primary_release_year=1956,
The Great White Silence,1924,https://boxd.it/2ZC4,unique_exact_title_year,movie,84880,https://www.themoviedb.org/movie/84880,https://api.themoviedb.org/3/search/movie?query=The+Great+White+Silence&primary_release_year=1924,
